oscillator,frequency_GHz,current_amplitude_A_per_m2,ridge_alpha,protocol,test_noise_sigma_mx,repetition_count,test_MSE_mean,test_MSE_std,test_MSE_sem,test_MSE_CI95_lower,test_MSE_CI95_upper,test_MSE_median,test_MSE_q025,test_MSE_q975,test_MSE_min,test_MSE_max
DWSO,0.3,400000000000.0,1e-06,C2C,0.0,1,61.82589447366542,0.0,0.0,61.82589447366542,61.82589447366542,61.82589447366542,61.82589447366542,61.82589447366542,61.82589447366542,61.82589447366542
DWSO,0.3,400000000000.0,1e-06,C2N,0.0001,30,61.84564819529115,0.10067550974231841,0.01838074922473297,61.808055342132114,61.88324104845018,61.865585034012454,61.67084400829645,62.00123405960257,61.626855732599765,62.02387746235156
DWSO,0.3,400000000000.0,1e-06,C2N,0.001,30,62.51638010592129,0.9923619571003768,0.18117967637128343,62.14582606125473,62.886934150587855,62.70749835258556,60.765951527790214,64.00051250215405,60.400957579712205,64.21216101704651
DWSO,0.3,400000000000.0,1e-06,N2N,0.0001,30,4.773416161894455,1.3981779504141363,0.2552712009493873,4.251327934929955,5.295504388858956,4.610642362545441,2.595379099895962,7.81786598130047,1.867297720790973,8.041424657132131
DWSO,0.3,400000000000.0,1e-06,N2N,0.001,30,0.5791388770204442,0.09905612618312892,0.018085091589859274,0.5421507116201791,0.6161270424207093,0.5780027901727722,0.3752349312457227,0.7610120523041011,0.3682358171960269,0.8204573873589452
DWSO,0.35,400000000000.0,1e-06,C2C,0.0,1,0.0823833089495708,0.0,0.0,0.0823833089495708,0.0823833089495708,0.0823833089495708,0.0823833089495708,0.0823833089495708,0.0823833089495708,0.0823833089495708
DWSO,0.35,400000000000.0,1e-06,C2N,0.0001,30,0.08529085283805658,0.0023854344852847443,0.00043551875901372657,0.08440011696241687,0.0861815887136963,0.08494810089022445,0.08138421054808177,0.0897816538300833,0.0804384932580854,0.0900461540634919
DWSO,0.35,400000000000.0,1e-06,C2N,0.001,30,0.3922824132523179,0.03854494807118268,0.007037312512150666,0.377889493101516,0.4066753334031198,0.38749030546430296,0.3230690196286958,0.4550233623913258,0.3041224276469005,0.4564390487269859
DWSO,0.35,400000000000.0,1e-06,N2N,0.0001,30,0.018795322271882037,0.0011418471958390404,0.00020847182212835381,0.01836894952171571,0.019221695022048364,0.018694086333915,0.017156356080855664,0.021218670861721165,0.0169958619000829,0.0219761746398954
DWSO,0.35,400000000000.0,1e-06,N2N,0.001,30,0.02583272517687818,0.0010591459072965702,0.00019337270170520233,0.025437233595371415,0.026228216758384944,0.02611396601588175,0.023975697258715623,0.02728062746259747,0.0237499250994319,0.0274001835371192
DWSO,0.4,400000000000.0,1e-06,C2C,0.0,1,1.8736581932098689e-10,0.0,0.0,1.8736581932098689e-10,1.8736581932098689e-10,1.8736581932098689e-10,1.8736581932098689e-10,1.8736581932098689e-10,1.8736581932098689e-10,1.8736581932098689e-10
DWSO,0.4,400000000000.0,1e-06,C2N,0.0001,30,8.543962231812662e-07,1.1667480928781621e-07,2.13018083131834e-08,8.108291333881147e-07,8.979633129744177e-07,8.133810474498318e-07,6.786753887762716e-07,1.0928011001374854e-06,6.363530616001034e-07,1.1287851870681491e-06
DWSO,0.4,400000000000.0,1e-06,C2N,0.001,30,8.540793246662413e-05,1.1686095423899832e-05,2.133579357609278e-06,8.104427272059919e-05,8.977159221264907e-05,8.126096495198827e-05,6.772345530596325e-05,0.0001092685181198075,6.371937396351764e-05,0.0001130926311681
DWSO,0.4,400000000000.0,1e-06,N2N,0.0001,30,1.188815695632389e-06,1.3754882015861382e-07,2.511286385303137e-08,1.1374541220813263e-06,1.2401772691834515e-06,1.1855214613813988e-06,9.6739618846305e-07,1.4738621483576418e-06,9.612231773723528e-07,1.5373443732808687e-06
DWSO,0.4,400000000000.0,1e-06,N2N,0.001,30,0.0005683162311910867,3.3480203198909065e-05,6.112620840633039e-06,0.0005558145178567059,0.0005808179445254675,0.0005798634966057,0.000496426333371655,0.00061669931742851,0.0004847828012978,0.0006179118826548
DWSO,0.45,400000000000.0,1e-06,C2C,0.0,1,2.233229098730667e-09,0.0,0.0,2.233229098730667e-09,2.233229098730667e-09,2.233229098730667e-09,2.233229098730667e-09,2.233229098730667e-09,2.233229098730667e-09,2.233229098730667e-09
DWSO,0.45,400000000000.0,1e-06,C2N,0.0001,30,5.059509620547817e-06,6.865707674099401e-07,1.2535009887801898e-07,4.803139882678227e-06,5.315879358417407e-06,5.081628443592716e-06,4.0723033140316e-06,6.437696469843419e-06,3.809524238499932e-06,6.533718042477643e-06
DWSO,0.45,400000000000.0,1e-06,C2N,0.001,30,0.00050582512931612,6.883480696874295e-05,1.256745883943144e-05,0.00048012178997143215,0.0005315284686608078,0.00050887437279545,0.00040816476113155,0.0006444662355133549,0.0003817875252307,0.0006571163790794
DWSO,0.45,400000000000.0,1e-06,N2N,0.0001,30,8.435746317755278e-06,8.988537593024056e-07,1.6410749328941553e-07,8.100108807983672e-06,8.771383827526884e-06,8.469928048613377e-06,6.952048110407451e-06,1.0010557030325971e-05,6.937296545901576e-06,1.0250957279499967e-05
DWSO,0.45,400000000000.0,1e-06,N2N,0.001,30,0.0032865481864766868,0.00018765362501961156,3.426070780695236e-05,0.0032164771713094607,0.003356619201643913,0.0032662052903904,0.0029523722427867672,0.003635960483276325,0.0029052644747127,0.0037525818755875
DWSO,0.475,400000000000.0,1e-06,C2C,0.0,1,1.0636658050076418e-10,0.0,0.0,1.0636658050076418e-10,1.0636658050076418e-10,1.0636658050076418e-10,1.0636658050076418e-10,1.0636658050076418e-10,1.0636658050076418e-10,1.0636658050076418e-10
DWSO,0.475,400000000000.0,1e-06,C2N,0.0001,30,3.7120338777388106e-07,5.0660834350965626e-08,9.249360585352155e-09,3.5228632133394494e-07,3.9012045421381717e-07,3.6903722742514026e-07,3.0084994746105265e-07,4.6461781964785364e-07,2.702755828473868e-07,4.70236722005158e-07
DWSO,0.475,400000000000.0,1e-06,C2N,0.001,30,3.711270096974026e-05,5.079710695227877e-06,9.274240444588527e-07,3.521590582318642e-05,3.90094961162941e-05,3.679192752920043e-05,3.0057760136867913e-05,4.6428222849001646e-05,2.7045161080155507e-05,4.709924239061312e-05
DWSO,0.475,400000000000.0,1e-06,N2N,0.0001,30,5.128632491208452e-07,6.858832199145203e-08,1.2522457045381979e-08,4.872519487792965e-07,5.384745494623939e-07,4.920330230205788e-07,4.1877654574872944e-07,6.551479421843389e-07,4.187031461300578e-07,6.621469862528022e-07
DWSO,0.475,400000000000.0,1e-06,N2N,0.001,30,0.00025461523796884,1.3267035827446985e-05,2.4222182646406433e-06,0.0002496612453742817,0.00025956923056339826,0.00025293491657224997,0.000236108852673435,0.000275670281878655,0.000231027283216,0.0002794630644412
DWSO,0.5,400000000000.0,1e-06,C2C,0.0,1,1.0015023060784161e-08,0.0,0.0,1.0015023060784161e-08,1.0015023060784161e-08,1.0015023060784161e-08,1.0015023060784161e-08,1.0015023060784161e-08,1.0015023060784161e-08,1.0015023060784161e-08
DWSO,0.5,400000000000.0,1e-06,C2N,0.0001,30,3.070943426665169e-08,3.185688406649639e-09,5.816244671682326e-10,2.951987866580958e-08,3.1898989867493795e-08,3.103198984197755e-08,2.3439251401341525e-08,3.5330986183906334e-08,2.3278370694726e-08,3.582018621014653e-08
DWSO,0.5,400000000000.0,1e-06,C2N,0.001,30,2.1182226061442742e-06,2.8187448548417154e-07,5.146300469494775e-08,2.0129689434689527e-06,2.2234762688195957e-06,2.1286173286319188e-06,1.4842928307806838e-06,2.668459355003182e-06,1.3344294648977758e-06,2.693443593989676e-06
DWSO,0.5,400000000000.0,1e-06,N2N,0.0001,30,2.257567318945771e-07,1.1230140361581628e-08,2.05033373332916e-09,2.215633285669077e-07,2.299501352222465e-07,2.267821155133856e-07,2.0607588779066533e-07,2.4616929445530045e-07,2.0407165445303162e-07,2.4623120887102213e-07
DWSO,0.5,400000000000.0,1e-06,N2N,0.001,30,2.326324372316764e-06,2.581095500667187e-07,4.712414095968363e-08,2.2299446823659793e-06,2.4227040622675487e-06,2.232458961085165e-06,2.0196660249029353e-06,2.9607159551225176e-06,1.9611889718017966e-06,3.0548882332764755e-06
DWSO,0.525,400000000000.0,1e-06,C2C,0.0,1,1.5287083396465168e-12,0.0,0.0,1.5287083396465168e-12,1.5287083396465168e-12,1.5287083396465168e-12,1.5287083396465168e-12,1.5287083396465168e-12,1.5287083396465168e-12,1.5287083396465168e-12
DWSO,0.525,400000000000.0,1e-06,C2N,0.0001,30,3.135394367384222e-09,4.767168544140784e-10,8.703619156849899e-11,2.9573853684499877e-09,3.3134033663184566e-09,3.0355384462618095e-09,2.4478778261367238e-09,4.198665948861663e-09,2.403609427270561e-09,4.3655919081732846e-09
DWSO,0.525,400000000000.0,1e-06,C2N,0.001,30,3.133380278614561e-07,4.746105076851598e-08,8.665162702938034e-09,2.956157802475045e-07,3.3106027547540766e-07,3.039074815898518e-07,2.44490273574759e-07,4.189031538724615e-07,2.392801260463663e-07,4.372273261610743e-07
DWSO,0.525,400000000000.0,1e-06,N2N,0.0001,30,3.7686888634342765e-09,5.089000749895526e-10,9.291201686261618e-11,3.57866245243652e-09,3.958715274432033e-09,3.799370342255534e-09,2.917738038382781e-09,4.806129819293535e-09,2.853964116793192e-09,5.307770467994958e-09
DWSO,0.525,400000000000.0,1e-06,N2N,0.001,30,3.8000431580585793e-07,4.6340100141717376e-08,8.460506054888984e-09,3.6270063803495575e-07,3.973079935767601e-07,3.765379870440098e-07,3.082362300842806e-07,4.6709065297758123e-07,2.727225965433725e-07,5.042020417660928e-07
DWSO,0.55,400000000000.0,1e-06,C2C,0.0,1,3.0980851383850318e-12,0.0,0.0,3.0980851383850318e-12,3.0980851383850318e-12,3.0980851383850318e-12,3.0980851383850318e-12,3.0980851383850318e-12,3.0980851383850318e-12,3.0980851383850318e-12
DWSO,0.55,400000000000.0,1e-06,C2N,0.0001,30,2.9657364104699607e-09,4.006925818364088e-10,7.315612189892863e-11,2.8161153414587983e-09,3.115357479481123e-09,2.909393420149962e-09,2.3635079118293234e-09,3.790275586851424e-09,2.2854895056195507e-09,3.9174948300979106e-09
DWSO,0.55,400000000000.0,1e-06,C2N,0.001,30,2.9603462572191753e-07,4.015696592416287e-08,7.331625359210098e-09,2.8103976821224924e-07,3.110294832315858e-07,2.922400885667189e-07,2.343428744639762e-07,3.797259798619744e-07,2.272716741073965e-07,3.915978938390775e-07
DWSO,0.55,400000000000.0,1e-06,N2N,0.0001,30,3.526722174956462e-09,4.2837858832488595e-10,7.821087199258641e-11,3.366762981220178e-09,3.686681368692746e-09,3.507477553641828e-09,2.856167111961804e-09,4.333916889797056e-09,2.7198545441210707e-09,4.439116267728967e-09
DWSO,0.55,400000000000.0,1e-06,N2N,0.001,30,3.563197454334116e-07,3.741600476362741e-08,6.831196606919827e-09,3.4234837964170283e-07,3.7029111122512036e-07,3.5524632973024466e-07,2.91832705265601e-07,4.1999009179626963e-07,2.67339337254858e-07,4.414936193586022e-07
DWSO,0.6,400000000000.0,1e-06,C2C,0.0,1,6.43911248804176e-13,0.0,0.0,6.43911248804176e-13,6.43911248804176e-13,6.43911248804176e-13,6.43911248804176e-13,6.43911248804176e-13,6.43911248804176e-13,6.43911248804176e-13
DWSO,0.6,400000000000.0,1e-06,C2N,0.0001,30,2.2876597398258454e-09,2.9464066291796783e-10,5.3793779146148965e-11,2.1776391081538014e-09,2.3976803714978894e-09,2.305279906686424e-09,1.8034994534122425e-09,2.814444124292662e-09,1.7850686773963783e-09,2.874617093358591e-09
DWSO,0.6,400000000000.0,1e-06,C2N,0.001,30,2.2876145472622492e-07,2.9351307310570048e-08,5.358791035421835e-09,2.178014964545852e-07,2.3972141299786465e-07,2.302479137916807e-07,1.8062466065745303e-07,2.8178527896166785e-07,1.792822890475174e-07,2.871577981420359e-07
DWSO,0.6,400000000000.0,1e-06,N2N,0.0001,30,2.7573669586267347e-09,3.4362505177351825e-10,6.273706406007884e-11,2.629055255550683e-09,2.885678661702786e-09,2.7662221870586587e-09,2.1993697050186453e-09,3.388235536905125e-09,2.151658442143174e-09,3.600860908074226e-09
DWSO,0.6,400000000000.0,1e-06,N2N,0.001,30,2.7825580218383243e-07,4.1238780019506605e-08,7.529136686892367e-09,2.6285698865213135e-07,2.936546157155335e-07,2.757635155973963e-07,2.1076083137805477e-07,3.4931225576039945e-07,1.993272598777523e-07,3.675749832932847e-07
DWSO,0.65,400000000000.0,1e-06,C2C,0.0,1,8.936600312891646e-13,0.0,0.0,8.936600312891646e-13,8.936600312891646e-13,8.936600312891646e-13,8.936600312891646e-13,8.936600312891646e-13,8.936600312891646e-13,8.936600312891646e-13
DWSO,0.65,400000000000.0,1e-06,C2N,0.0001,30,2.4251674972388546e-10,3.054412997819173e-11,5.5765696628084626e-12,2.3111138414809163e-10,2.539221152996793e-10,2.4124520386631714e-10,1.960459678427112e-10,3.0078633688600433e-10,1.904242437450648e-10,3.0510931204364206e-10
DWSO,0.65,400000000000.0,1e-06,C2N,0.001,30,2.4213580938036148e-08,2.9799157230194426e-09,5.440556869873551e-10,2.310086212003874e-08,2.5326299756033558e-08,2.4023058429501054e-08,1.934478960896867e-08,2.997580165499823e-08,1.8992155797131413e-08,2.999917151064876e-08
DWSO,0.65,400000000000.0,1e-06,N2N,0.0001,30,2.9746406592367065e-10,4.200844891925462e-11,7.669658359626424e-12,2.817778533015318e-10,3.131502785458095e-10,2.8913731129363986e-10,2.395023359572873e-10,3.6364622319383523e-10,2.380114567419619e-10,3.6889799830089965e-10
DWSO,0.65,400000000000.0,1e-06,N2N,0.001,30,2.8855377489595754e-08,3.968801202570574e-09,7.246006483005112e-10,2.7373402764982975e-08,3.033735221420853e-08,2.7940254517640203e-08,2.3286724168629566e-08,3.535445996295064e-08,2.3168207755983843e-08,3.60596956503814e-08
DWSO,0.675,400000000000.0,1e-06,C2C,0.0,1,4.926022324850717e-12,0.0,0.0,4.926022324850717e-12,4.926022324850717e-12,4.926022324850717e-12,4.926022324850717e-12,4.926022324850717e-12,4.926022324850717e-12,4.926022324850717e-12
DWSO,0.675,400000000000.0,1e-06,C2N,0.0001,30,1.1916108675847035e-09,1.5523790926019736e-10,2.8342434893916735e-11,1.1336440796094487e-09,1.2495776555599582e-09,1.1854738544033688e-09,9.485905349689532e-10,1.556319406373541e-09,9.33414899173326e-10,1.572753292144939e-09
DWSO,0.675,400000000000.0,1e-06,C2N,0.001,30,1.1907899970834082e-07,1.5589374851708127e-08,2.8462174212280983e-09,1.1325783147049061e-07,1.2490016794619103e-07,1.1900080772678805e-07,9.45879615115666e-08,1.5619618883170467e-07,9.433120480937256e-08,1.604746320895172e-07
DWSO,0.675,400000000000.0,1e-06,N2N,0.0001,30,1.4625171940240634e-09,2.1266579632998561e-10,3.882728461991083e-11,1.3831064805958987e-09,1.5419279074522282e-09,1.388667852224168e-09,1.1902966392227596e-09,1.8964380253669087e-09,1.1551792080483196e-09,1.9456176766170527e-09
DWSO,0.675,400000000000.0,1e-06,N2N,0.001,30,1.4445600818375444e-07,2.2835543371629442e-08,4.1691807391763405e-09,1.3592907615258225e-07,1.5298294021492662e-07,1.3656308727629588e-07,1.1298801457145367e-07,1.9395720081840652e-07,1.1158273926220701e-07,1.994899632114201e-07
DWSO,0.7,400000000000.0,1e-06,C2C,0.0,1,9.05330245483359e-08,0.0,0.0,9.05330245483359e-08,9.05330245483359e-08,9.05330245483359e-08,9.05330245483359e-08,9.05330245483359e-08,9.05330245483359e-08,9.05330245483359e-08
DWSO,0.7,400000000000.0,1e-06,C2N,0.0001,30,3.468499315845281e-07,4.228706746530945e-08,7.720526913830931e-09,3.3105968108747776e-07,3.6264018208157843e-07,3.505160155344776e-07,2.819127127215961e-07,4.2996513695597416e-07,2.5395757445294004e-07,4.393242040282597e-07
DWSO,0.7,400000000000.0,1e-06,C2N,0.001,30,2.5584766025592135e-05,3.580336445685614e-06,6.53677011586627e-07,2.4247846425114443e-05,2.6921685626069826e-05,2.5410540318283522e-05,1.959407743004253e-05,3.142681971505162e-05,1.8466087084702387e-05,3.382098276443178e-05
DWSO,0.7,400000000000.0,1e-06,N2N,0.0001,30,1.857366391653157e-06,9.085419353345224e-08,1.6587630414070594e-08,1.8234408782375578e-06,1.8912919050687562e-06,1.8458931589186461e-06,1.7413491440642184e-06,2.045058331697764e-06,1.740911777470138e-06,2.077774404399098e-06
DWSO,0.7,400000000000.0,1e-06,N2N,0.001,30,1.5377106311841697e-05,7.604975497559915e-07,1.3884722097625466e-07,1.5093131859773311e-05,1.5661080763910084e-05,1.5265287242638146e-05,1.373059171884744e-05,1.6551606711160418e-05,1.3013153053851164e-05,1.6749002595704594e-05
DWSO,0.725,400000000000.0,1e-06,C2C,0.0,1,2.1601162622672223e-12,0.0,0.0,2.1601162622672223e-12,2.1601162622672223e-12,2.1601162622672223e-12,2.1601162622672223e-12,2.1601162622672223e-12,2.1601162622672223e-12,2.1601162622672223e-12
DWSO,0.725,400000000000.0,1e-06,C2N,0.0001,30,1.662585703405816e-09,1.7483721357843313e-10,3.1920761922752115e-11,1.5973004149219426e-09,1.7278709918896896e-09,1.6811378219919957e-09,1.2820504305807763e-09,1.886537796244572e-09,1.218269518407891e-09,1.89000180261919e-09
DWSO,0.725,400000000000.0,1e-06,C2N,0.001,30,1.6618994915687186e-07,1.7609686675588783e-08,3.2150742076060447e-09,1.5961438408581966e-07,1.7276551422792406e-07,1.6925996001136e-07,1.2746981729109125e-07,1.8960953581450304e-07,1.2248576187314788e-07,1.898714378235011e-07
DWSO,0.725,400000000000.0,1e-06,N2N,0.0001,30,2.0371191990143955e-09,2.2687679142686512e-10,4.142184547962957e-11,1.9524020128076165e-09,2.1218363852211746e-09,2.039815913059829e-09,1.5541925293419392e-09,2.4080356999410917e-09,1.5411060389628142e-09,2.522516432403231e-09
DWSO,0.725,400000000000.0,1e-06,N2N,0.001,30,2.0275829754116926e-07,2.395482707850675e-08,4.373533050677908e-09,1.9381341810507573e-07,2.1170317697726278e-07,2.0558842679904814e-07,1.538431122824754e-07,2.4365702026138425e-07,1.4310248697655553e-07,2.514679381248268e-07
DWSO,0.75,400000000000.0,1e-06,C2C,0.0,1,5.570001517947822e-13,0.0,0.0,5.570001517947822e-13,5.570001517947822e-13,5.570001517947822e-13,5.570001517947822e-13,5.570001517947822e-13,5.570001517947822e-13,5.570001517947822e-13
DWSO,0.75,400000000000.0,1e-06,C2N,0.0001,30,1.4958534586763525e-09,1.9733366936964085e-10,3.602803402300618e-11,1.4221678555447347e-09,1.5695390618079702e-09,1.4691932490127585e-09,1.1937846735686415e-09,1.873154768292471e-09,1.14306383453881e-09,2.038248994550822e-09
DWSO,0.75,400000000000.0,1e-06,C2N,0.001,30,1.493511692061281e-07,1.959877574401334e-08,3.578230524827067e-09,1.4203286607036771e-07,1.5666947234188847e-07,1.4680177408487087e-07,1.196260545178463e-07,1.86943916553827e-07,1.144114367919662e-07,2.041711455758089e-07
DWSO,0.75,400000000000.0,1e-06,N2N,0.0001,30,1.8621041793239461e-09,2.682301888529729e-10,4.897190834621468e-11,1.761945380742462e-09,1.9622629779054305e-09,1.8887181370613106e-09,1.3854944826954154e-09,2.3379902904638605e-09,1.319426594025584e-09,2.349881414514843e-09
DWSO,0.75,400000000000.0,1e-06,N2N,0.001,30,1.7953701223604748e-07,2.7106246653904545e-08,4.948900913880816e-09,1.6941537339100083e-07,1.8965865108109414e-07,1.8049691212284236e-07,1.3208613929112555e-07,2.3714978826395153e-07,1.3117720684108936e-07,2.419767335325805e-07
DWSO,0.8,400000000000.0,1e-06,C2C,0.0,1,2.290937614121976e-13,0.0,0.0,2.290937614121976e-13,2.290937614121976e-13,2.290937614121976e-13,2.290937614121976e-13,2.290937614121976e-13,2.290937614121976e-13,2.290937614121976e-13
DWSO,0.8,400000000000.0,1e-06,C2N,0.0001,30,1.3378727094107957e-09,1.7394344135153892e-10,3.1757582186104925e-11,1.2729211609613083e-09,1.402824257860283e-09,1.3313391700281968e-09,1.0253349291198261e-09,1.619466541030012e-09,1.00130798027989e-09,1.6906402590857963e-09
DWSO,0.8,400000000000.0,1e-06,C2N,0.001,30,1.338727332399227e-07,1.729714699385932e-08,3.1580125296731407e-09,1.2741387240400871e-07,1.4033159407583668e-07,1.3331543545583506e-07,1.027146533976339e-07,1.6172359589634222e-07,1.0031814256229305e-07,1.6882001744781902e-07
DWSO,0.8,400000000000.0,1e-06,N2N,0.0001,30,1.6176151838997582e-09,1.8651359379933263e-10,3.4052567535083386e-11,1.54796986338628e-09,1.6872605044132364e-09,1.6143240549340136e-09,1.2356763698071025e-09,1.9524412872374423e-09,1.1994972472861782e-09,1.987540492707868e-09
DWSO,0.8,400000000000.0,1e-06,N2N,0.001,30,1.6043126059710836e-07,1.8651113688846208e-08,3.4052118966581525e-09,1.5346682028832018e-07,1.6739570090589654e-07,1.6072379532918654e-07,1.2330639201257815e-07,1.872921220347066e-07,1.1800930704786223e-07,1.966645514467615e-07
DWSO,0.85,400000000000.0,1e-06,C2C,0.0,1,1.3236531030946263e-11,0.0,0.0,1.3236531030946263e-11,1.3236531030946263e-11,1.3236531030946263e-11,1.3236531030946263e-11,1.3236531030946263e-11,1.3236531030946263e-11,1.3236531030946263e-11
DWSO,0.85,400000000000.0,1e-06,C2N,0.0001,30,5.6997188734607e-10,8.025653790593719e-11,1.4652772066116743e-11,5.40003603577034e-10,5.99940171115106e-10,5.684649392868026e-10,4.4238088824473976e-10,7.144149346204736e-10,4.4038308261980136e-10,7.76724778358948e-10
DWSO,0.85,400000000000.0,1e-06,C2N,0.001,30,5.5423231569976256e-08,7.587494996878868e-09,1.3852807215827153e-09,5.2590014375520305e-08,5.8256448764432206e-08,5.5886719067656336e-08,4.408597722291092e-08,6.917003421538794e-08,4.404969267729849e-08,7.449406550819449e-08
DWSO,0.85,400000000000.0,1e-06,N2N,0.0001,30,6.931086861578188e-10,1.0953536927155748e-10,1.9998330864896747e-11,6.522075070797547e-10,7.340098652358829e-10,7.183957657167061e-10,4.988081421971054e-10,8.632746159528315e-10,4.818389121815556e-10,1.0364411654481062e-09
DWSO,0.85,400000000000.0,1e-06,N2N,0.001,30,6.653039527151914e-08,9.973013132863625e-09,1.8208147530548912e-09,6.280641096573874e-08,7.025437957729954e-08,6.89556518791004e-08,4.959652063327015e-08,8.287554525627805e-08,4.915812018671357e-08,9.04558188362524e-08
DWSO,0.875,400000000000.0,1e-06,C2C,0.0,1,1.3554898578489628e-05,0.0,0.0,1.3554898578489628e-05,1.3554898578489628e-05,1.3554898578489628e-05,1.3554898578489628e-05,1.3554898578489628e-05,1.3554898578489628e-05,1.3554898578489628e-05
DWSO,0.875,400000000000.0,1e-06,C2N,0.0001,30,1.4080233328942055e-05,4.367999583104572e-07,7.974839676131786e-08,1.3917129543973248e-05,1.4243337113910862e-05,1.4160629878469878e-05,1.3195402363221617e-05,1.4813352881557304e-05,1.2999573198375648e-05,1.4847373480907314e-05
DWSO,0.875,400000000000.0,1e-06,C2N,0.001,30,5.864235428836507e-05,8.147277420080747e-06,1.4874825417435728e-06,5.560011090183622e-05,6.168459767489393e-05,5.761069294741555e-05,4.642270008054955e-05,7.082309602502282e-05,4.619472110319383e-05,7.133453442751554e-05
DWSO,0.875,400000000000.0,1e-06,N2N,0.0001,30,1.415430036702926e-05,7.835458719480175e-07,1.4305524963532784e-07,1.3861719530012395e-05,1.4446881204046126e-05,1.4123319567285876e-05,1.2671246248304638e-05,1.541153876683941e-05,1.2417972442183202e-05,1.5476593905741856e-05
DWSO,0.875,400000000000.0,1e-06,N2N,0.001,30,7.180590179630836e-05,3.157267772094775e-06,5.764355929534627e-07,7.06269586348196e-05,7.298484495779712e-05,7.121557384384656e-05,6.60350934116675e-05,7.739825607458659e-05,6.588179732449018e-05,7.79622491178241e-05
DWSO,0.9,400000000000.0,1e-06,C2C,0.0,1,0.0263739833189345,0.0,0.0,0.0263739833189345,0.0263739833189345,0.0263739833189345,0.0263739833189345,0.0263739833189345,0.0263739833189345,0.0263739833189345
DWSO,0.9,400000000000.0,1e-06,C2N,0.0001,30,0.026366165406441707,0.0001451759309379056,2.6505377393834344e-05,0.026311955822919925,0.02642037498996349,0.0263620593073958,0.026064653068174386,0.026640234171973635,0.0260639246403356,0.026660942394887
DWSO,0.9,400000000000.0,1e-06,C2N,0.001,30,0.027826038147688914,0.00145108529873907,0.0002649307169945038,0.027284193992180284,0.028367882303197544,0.027775822160259603,0.02503259946714812,0.030643721162334193,0.0250297737584708,0.030859676809086
DWSO,0.9,400000000000.0,1e-06,N2N,0.0001,30,0.01873036991149641,0.0002691325170607788,4.9136650184110834e-05,0.01862987417802476,0.01883086564496806,0.01869611890731205,0.018201782310607192,0.019170769906154017,0.0181386910643205,0.0193497386778082
DWSO,0.9,400000000000.0,1e-06,N2N,0.001,30,0.011329230509495497,0.0003329578059264613,6.078950033445004e-05,0.011204902021481044,0.01145355899750995,0.011305256238231049,0.0108391220081165,0.012017370435593304,0.010820893256049,0.0120539691738015
DWSO,0.91,400000000000.0,1e-06,C2C,0.0,1,0.235799369456825,0.0,0.0,0.235799369456825,0.235799369456825,0.235799369456825,0.235799369456825,0.235799369456825,0.235799369456825,0.235799369456825
DWSO,0.91,400000000000.0,1e-06,C2N,0.0001,30,0.2358079463798096,0.0007219054436155499,0.0001318012986180035,0.23553838245700445,0.23607751030261473,0.2358524220421132,0.23468696324029892,0.23726933214986404,0.2346829081024244,0.2374265278223526
DWSO,0.91,400000000000.0,1e-06,C2N,0.001,30,0.2453208453805756,0.00717201388889982,0.0013094245965635939,0.24264277138154608,0.24799891937960514,0.24595079351150934,0.23389172143772557,0.26028768081956455,0.2329400669032947,0.2607012193287372
DWSO,0.91,400000000000.0,1e-06,N2N,0.0001,30,0.1434744625005325,0.004859004390883297,0.0008871287706344771,0.14166008044244213,0.14528884455862287,0.14404396778392234,0.13385149728326973,0.15185675665773793,0.131710542360928,0.1523127716405812
DWSO,0.91,400000000000.0,1e-06,N2N,0.001,30,0.03455743170244727,0.0019863199080711355,0.0003626507400240496,0.03381572765920872,0.035299135745685814,0.0346683511657793,0.030965516603216964,0.037690653334952334,0.0304697366255667,0.0391105442252887
DWSO,0.92,400000000000.0,1e-06,C2C,0.0,1,1.0384108628181787,0.0,0.0,1.0384108628181787,1.0384108628181787,1.0384108628181787,1.0384108628181787,1.0384108628181787,1.0384108628181787,1.0384108628181787
DWSO,0.92,400000000000.0,1e-06,C2N,0.0001,30,1.0389354612883153,0.0030969899317626584,0.000565430415330931,1.037779026242317,1.0400918963343135,1.0387509288762624,1.0335083488305923,1.0441326117458827,1.0332286611677513,1.0455844854235228
DWSO,0.92,400000000000.0,1e-06,C2N,0.001,30,1.0639049374977252,0.030508326914101925,0.005570032947531866,1.0525129410057772,1.0752969339896732,1.0601953990339816,1.012938663372791,1.1151118934952087,1.008682951593619,1.130165064240411
DWSO,0.92,400000000000.0,1e-06,N2N,0.0001,30,0.4796181574411071,0.01624718743500619,0.002966317018055797,0.47355135794781666,0.4856849569343975,0.4764128451339935,0.45713464534728915,0.512733789943388,0.4564934465423576,0.52292380258293
DWSO,0.92,400000000000.0,1e-06,N2N,0.001,30,0.08482423059103789,0.002695044289285531,0.0004920455169057212,0.0838178845145838,0.08583057666749197,0.08466726538120614,0.08038157859505883,0.09110236908187325,0.0799503618512497,0.0915814908743779
DWSO,0.93,400000000000.0,1e-06,C2C,0.0,1,1.0687325900190443,0.0,0.0,1.0687325900190443,1.0687325900190443,1.0687325900190443,1.0687325900190443,1.0687325900190443,1.0687325900190443,1.0687325900190443
DWSO,0.93,400000000000.0,1e-06,C2N,0.0001,30,1.0695117910480538,0.00227650099299648,0.00041563031534902744,1.0686617316069331,1.0703618504891745,1.07002707869662,1.0654351332341823,1.0726092512325958,1.065397872570602,1.0726711621155536
DWSO,0.93,400000000000.0,1e-06,C2N,0.001,30,1.0871273864149706,0.023014256368452442,0.004201809119069443,1.0785337218540663,1.095721050975875,1.0920242045601072,1.0463986370409504,1.118602716604894,1.045154758357829,1.120120619385438
DWSO,0.93,400000000000.0,1e-06,N2N,0.0001,30,0.652826214397015,0.01480635840597481,0.002703258831152879,0.6472974293051842,0.6583549994888459,0.6503226425834412,0.6293189035950851,0.6791131886073052,0.6277316924362647,0.6812464916599763
DWSO,0.93,400000000000.0,1e-06,N2N,0.001,30,0.06284750666127219,0.002703434462943853,0.0004935773460304041,0.06183802764248562,0.06385698568005876,0.06335523903661566,0.05768514262980164,0.06825817608265261,0.0575016945143908,0.0687560066144074
DWSO,0.9375,400000000000.0,1e-06,C2C,0.0,1,0.4835172215165505,0.0,0.0,0.4835172215165505,0.4835172215165505,0.4835172215165505,0.4835172215165505,0.4835172215165505,0.4835172215165505,0.4835172215165505
DWSO,0.9375,400000000000.0,1e-06,C2N,0.0001,30,0.4835314382688885,0.0011496675440539695,0.0002098996158366411,0.4831021453527071,0.4839607311850699,0.48353204730353816,0.48124482144466285,0.48545698143934723,0.4801420823065425,0.4856916261158889
DWSO,0.9375,400000000000.0,1e-06,C2N,0.001,30,0.4918304466690608,0.011583446988713898,0.0021148384031279637,0.4875051164786629,0.49615577685945866,0.4927138564380094,0.46988381822628106,0.5115253426369113,0.4583610919509731,0.5140459021214929
DWSO,0.9375,400000000000.0,1e-06,N2N,0.0001,30,0.3315553369390297,0.006015972929303435,0.0010983613595733077,0.3293089357286572,0.3338017381494022,0.3313940142345714,0.32087899556557137,0.3411096429390132,0.3195410615486278,0.3485363740199535
DWSO,0.9375,400000000000.0,1e-06,N2N,0.001,30,0.08035342632651976,0.003426429227481259,0.0006255775265288286,0.07907397662581095,0.08163287602722857,0.08021497970572135,0.07311547097520724,0.08684812358126194,0.0710778750536961,0.0869057537820923
DWSO,0.94,400000000000.0,1e-06,C2C,0.0,1,0.4706399152916945,0.0,0.0,0.4706399152916945,0.4706399152916945,0.4706399152916945,0.4706399152916945,0.4706399152916945,0.4706399152916945,0.4706399152916945
DWSO,0.94,400000000000.0,1e-06,C2N,0.0001,30,0.47059636678197864,0.001771530224561672,0.0003234356884315401,0.46993486652467487,0.4712578670392824,0.4709342588574299,0.4674044817266259,0.47319232159639,0.4673533135201709,0.4735017437997195
DWSO,0.94,400000000000.0,1e-06,C2N,0.001,30,0.4862418252458321,0.017822244727628535,0.0032538818208998877,0.4795868896937309,0.49289676079793326,0.4898429473222514,0.45376177335278073,0.5106011181886091,0.4523774870180704,0.5164392723360107
DWSO,0.94,400000000000.0,1e-06,N2N,0.0001,30,0.20281046219063653,0.009382849956101625,0.0017130661915477393,0.19930684843674773,0.20631407594452533,0.20395113473976562,0.18732766259799533,0.21594233023750525,0.186890114645135,0.2163316438000902
DWSO,0.94,400000000000.0,1e-06,N2N,0.001,30,0.06862007835325272,0.002993534348787543,0.0005465420964991584,0.06750227425681929,0.06973788244968615,0.06803946336602251,0.06366285368556594,0.07364773641103571,0.0630328565393603,0.0762640559049694
DWSO,0.95,400000000000.0,1e-06,C2C,0.0,1,0.0019063715129084,0.0,0.0,0.0019063715129084,0.0019063715129084,0.0019063715129084,0.0019063715129084,0.0019063715129084,0.0019063715129084,0.0019063715129084
DWSO,0.95,400000000000.0,1e-06,C2N,0.0001,30,0.00279346151480218,0.0002635244254344509,4.811275742134563e-05,0.002695059877159304,0.0028918631524450563,0.00277081595255355,0.0022935000559452224,0.00322551347010971,0.0022165653648019,0.0032755304634449
DWSO,0.95,400000000000.0,1e-06,C2N,0.001,30,0.09201975098019259,0.013169578866582491,0.0024044251393568494,0.0871021494128909,0.09693735254749428,0.08803004217402291,0.07185400532597891,0.12439919664176177,0.0695548735947046,0.1272499510154981
DWSO,0.95,400000000000.0,1e-06,N2N,0.0001,30,0.003736644908887977,0.00011561136573539756,2.110765097241903e-05,0.0036934749154433942,0.0037798149023325596,0.0037222860528614,0.0036023092275626477,0.004025175852367568,0.0035968035783144,0.0040255296245259
DWSO,0.95,400000000000.0,1e-06,N2N,0.001,30,0.0065587421172764995,0.00018495881802036327,3.376870561308199e-05,0.006489677359580171,0.006627806874972828,0.0066181623891065,0.006164241681546185,0.006847805338642907,0.0061348141220482,0.0069259530667358
DWSO,0.96,400000000000.0,1e-06,C2C,0.0,1,0.0023086599575225,0.0,0.0,0.0023086599575225,0.0023086599575225,0.0023086599575225,0.0023086599575225,0.0023086599575225,0.0023086599575225,0.0023086599575225
DWSO,0.96,400000000000.0,1e-06,C2N,0.0001,30,0.003375187284999537,0.00026050323237812915,4.756116555883716e-05,0.003277913779384222,0.003472460790614852,0.0033344459667807,0.00298043734248531,0.0038832108911408376,0.0029142856157577,0.0039223251360958
DWSO,0.96,400000000000.0,1e-06,C2N,0.001,30,0.10055477333834859,0.013972107335911574,0.00255094612125406,0.09533750271567634,0.10577204396102083,0.09964222580457036,0.07793008754472974,0.12755297377782862,0.0756271070992095,0.1371869039167951
DWSO,0.96,400000000000.0,1e-06,N2N,0.0001,30,0.004118283076747363,0.0001273541462834531,2.3251579570419995e-05,0.004070728256983533,0.004165837896511193,0.00415226865968635,0.003868091445127125,0.0043217221190491595,0.0038060163160671,0.0043453911104381
DWSO,0.96,400000000000.0,1e-06,N2N,0.001,30,0.006683966905674523,0.00026616476118638665,4.859481457158649e-05,0.0065845793504587715,0.006783354460890274,0.0067071175041527,0.006222309516113475,0.0073086803796981875,0.0061277973262616,0.0074164940310408
DWSO,0.97,400000000000.0,1e-06,C2C,0.0,1,0.0006295185027053,0.0,0.0,0.0006295185027053,0.0006295185027053,0.0006295185027053,0.0006295185027053,0.0006295185027053,0.0006295185027053,0.0006295185027053
DWSO,0.97,400000000000.0,1e-06,C2N,0.0001,30,0.0020478079770531866,0.0002754771912901756,5.029502391593161e-05,0.00194494310328855,0.002150672850817823,0.0020030778370849,0.0016663321648172076,0.002640778476751545,0.0015954543181228,0.0026604340731744
DWSO,0.97,400000000000.0,1e-06,C2N,0.001,30,0.14366838809136073,0.020038654779127706,0.0036585410815289823,0.13618583142445742,0.15115094475826404,0.1408972452061117,0.10835639458231745,0.17559637058571223,0.0989603170558633,0.1844984847117272
DWSO,0.97,400000000000.0,1e-06,N2N,0.0001,30,0.0031783681635492605,0.00014127512839024918,2.579319154459266e-05,0.003125615163637053,0.003231121163461468,0.0031637282945230502,0.00293103853153651,0.003447497370078985,0.0029006080240231,0.0034496320370569
DWSO,0.97,400000000000.0,1e-06,N2N,0.001,30,0.005926845085863429,0.00027929550873164615,5.0992150114067893e-05,0.005822554428934057,0.006031135742792801,0.0058616605695775495,0.005530177593184117,0.006577317362677567,0.0054900351217295,0.0066300702718677
DWSO,0.98,400000000000.0,1e-06,C2C,0.0,1,0.0018549365233254,0.0,0.0,0.0018549365233254,0.0018549365233254,0.0018549365233254,0.0018549365233254,0.0018549365233254,0.0018549365233254,0.0018549365233254
DWSO,0.98,400000000000.0,1e-06,C2N,0.0001,30,0.002925738746089504,0.00023795433802236202,4.3444319530352304e-05,0.002836885136003743,0.0030145923561752655,0.00296194303842565,0.0024462772061785024,0.00325749372171723,0.0022668863853971,0.0033303778860724
DWSO,0.98,400000000000.0,1e-06,C2N,0.001,30,0.10641368584797835,0.014998057013706193,0.00273825804838515,0.1008133193196126,0.1120140523763441,0.1031258507246576,0.08512392754549394,0.1375663314116828,0.0798762454897255,0.1382500429931244
DWSO,0.98,400000000000.0,1e-06,N2N,0.0001,30,0.004012564273188014,0.00014442576654415403,2.63684167404027e-05,0.003958634805654434,0.0040664937407215935,0.0039981030580284495,0.0037597602940131303,0.004244037980546253,0.0037007200053818,0.0042609647902194
DWSO,0.98,400000000000.0,1e-06,N2N,0.001,30,0.006368353147233407,0.00030056498168289087,5.487540682128213e-05,0.00625612033857843,0.006480585955888385,0.0063771497339911495,0.005829096782690157,0.00703046253607941,0.0057903573282207,0.0071162110697694
DWSO,0.99,400000000000.0,1e-06,C2C,0.0,1,0.0009681452155934,0.0,0.0,0.0009681452155934,0.0009681452155934,0.0009681452155934,0.0009681452155934,0.0009681452155934,0.0009681452155934,0.0009681452155934
DWSO,0.99,400000000000.0,1e-06,C2N,0.0001,30,0.00250387474362583,0.00031745678890572615,5.795941477227399e-05,0.002385334430492911,0.0026224150567587486,0.0024903645879018003,0.0020670368186715975,0.0030920867533105073,0.0020667188327051,0.0032410879003852
DWSO,0.99,400000000000.0,1e-06,C2N,0.001,30,0.1598546512688558,0.022575990112064976,0.0041217930141305235,0.15142463801762057,0.16828466452009105,0.15965475023670356,0.1262707855385298,0.20127727667809578,0.123079588473107,0.2097343164332999
DWSO,0.99,400000000000.0,1e-06,N2N,0.0001,30,0.00351451438970684,0.0001252877269830333,2.2874304749052004e-05,0.003467731183590902,0.003561297595822778,0.00348318148558455,0.003363412608430855,0.003823039687923225,0.0033034141551153,0.0038346953544375
DWSO,0.99,400000000000.0,1e-06,N2N,0.001,30,0.006352302957136557,0.00023846780596521988,4.353806552197198e-05,0.006263257614969904,0.00644134829930321,0.00638445595894325,0.006007867273521222,0.006762041542473994,0.0059157395738758,0.0070937710465799
DWSO,1.0,400000000000.0,1e-06,C2C,0.0,1,0.0011988217861963,0.0,0.0,0.0011988217861963,0.0011988217861963,0.0011988217861963,0.0011988217861963,0.0011988217861963,0.0011988217861963,0.0011988217861963
DWSO,1.0,400000000000.0,1e-06,C2N,0.0001,30,0.0027856817714997,0.0002576724784496015,4.704434296503685e-05,0.0026894652867729494,0.0028818982562264506,0.0027484280056258997,0.002424901730913715,0.003373865477003442,0.0023540626259191,0.003397223523073
DWSO,1.0,400000000000.0,1e-06,C2N,0.001,30,0.16750412674343854,0.018770778388061838,0.0034270595816906432,0.16049500290160992,0.17451325058526715,0.1667769401002157,0.14082584725157252,0.2069106573611069,0.1377821926246413,0.2112336109225054
DWSO,1.0,400000000000.0,1e-06,N2N,0.0001,30,0.0037728181177967167,0.00015342858844096015,2.8012099618430088e-05,0.0037155269413187294,0.003830109294274704,0.00375265282321685,0.0035404424167961,0.004027304081839212,0.0035170685651717,0.0041139758407786
DWSO,1.0,400000000000.0,1e-06,N2N,0.001,30,0.006643866951043784,0.00026090587954985674,4.763467853839412e-05,0.0065464430945035975,0.00674129080758397,0.0066180064483823495,0.006205207694787105,0.0071446904958688325,0.0061788779556722,0.0071939766954462
DWSO,1.1,400000000000.0,1e-06,C2C,0.0,1,0.0036044078090567,0.0,0.0,0.0036044078090567,0.0036044078090567,0.0036044078090567,0.0036044078090567,0.0036044078090567,0.0036044078090567,0.0036044078090567
DWSO,1.1,400000000000.0,1e-06,C2N,0.0001,30,0.004748859115358222,0.0004731923791943717,8.639271337476521e-05,0.004572166177099878,0.004925552053616567,0.0046733735317592996,0.003924201018969905,0.005607905671854085,0.0036565662918948,0.0057521867618406
DWSO,1.1,400000000000.0,1e-06,C2N,0.001,30,0.11033726552157962,0.015358423305625238,0.0028040516307346677,0.10460233600833053,0.1160721950348287,0.11043181689261845,0.0882330562876347,0.1421277014931733,0.0873315912296953,0.142762458251105
DWSO,1.1,400000000000.0,1e-06,N2N,0.0001,30,0.005781364453079103,0.0001723433071918777,3.1465438994677914e-05,0.005717010404544469,0.005845718501613736,0.00580435967598485,0.005499469523063855,0.00602452949101752,0.0054672013110993,0.0060250686233945
DWSO,1.1,400000000000.0,1e-06,N2N,0.001,30,0.008784864279918973,0.0003174762704754298,5.796297160400142e-05,0.008666316692248374,0.008903411867589573,0.0087949725619447,0.008237018401416716,0.009371790372841126,0.0082359570700218,0.0094342574090829
DWSO,1.2,400000000000.0,1e-06,C2C,0.0,1,0.0048206123365917,0.0,0.0,0.0048206123365917,0.0048206123365917,0.0048206123365917,0.0048206123365917,0.0048206123365917,0.0048206123365917,0.0048206123365917
DWSO,1.2,400000000000.0,1e-06,C2N,0.0001,30,0.006157000211244947,0.00042229529225757084,7.710021916590276e-05,0.005999312557591915,0.006314687864897979,0.0062230993517483,0.00533143211951668,0.006861395875725215,0.0053248506476508,0.0069908156983837
DWSO,1.2,400000000000.0,1e-06,C2N,0.001,30,0.14113436957142245,0.017534387686388146,0.003201326555958536,0.13458692160502944,0.14768181753781545,0.14003534149774696,0.11465812799154064,0.18007035971059504,0.1087027296689377,0.1959455473105428
DWSO,1.2,400000000000.0,1e-06,N2N,0.0001,30,0.00781397200762088,0.00023484084620337088,4.287587629639589e-05,0.007726280994487076,0.007901663020754684,0.0078320652704076,0.007446915306513348,0.008208395420902018,0.0073124992718288,0.0085374414021076
DWSO,1.2,400000000000.0,1e-06,N2N,0.001,30,0.01063505017296713,0.0003684235705750601,6.726463344018567e-05,0.010497478550788072,0.010772621795146188,0.010706174625259749,0.009815648188936084,0.011186655217113196,0.0097699007297285,0.0113494717122203
DWSO,1.5,400000000000.0,1e-06,C2C,0.0,1,0.0084095394965808,0.0,0.0,0.0084095394965808,0.0084095394965808,0.0084095394965808,0.0084095394965808,0.0084095394965808,0.0084095394965808,0.0084095394965808
DWSO,1.5,400000000000.0,1e-06,C2N,0.0001,30,0.009376862514127251,0.0005344207725271796,9.757143743749114e-05,0.009177306518054597,0.009576418510199905,0.00932513863925595,0.008525082366569618,0.010407353480968943,0.0084257769520471,0.0104900220491808
DWSO,1.5,400000000000.0,1e-06,C2N,0.001,30,0.11504370438698533,0.01543636047359899,0.002818280945723765,0.1092796726569333,0.12080773611703736,0.11567040993762885,0.09181789032406174,0.14373324941240834,0.0906418779293868,0.158441950320283
DWSO,1.5,400000000000.0,1e-06,N2N,0.0001,30,0.010941092832834358,0.0003367171715621709,6.1475863454646e-05,0.010815360574621213,0.011066825091047503,0.01092618432368175,0.010310650998300218,0.01156948484458154,0.0101596872385538,0.0117521526549858
DWSO,1.5,400000000000.0,1e-06,N2N,0.001,30,0.015521972715768799,0.00041445620507808673,7.566900420641843e-05,0.015367212225375168,0.01567673320616243,0.015546578273937201,0.01473786742081011,0.016202634312081812,0.0146391389638981,0.0163078787438791
DWSO,2.0,400000000000.0,1e-06,C2C,0.0,1,0.0120226399178034,0.0,0.0,0.0120226399178034,0.0120226399178034,0.0120226399178034,0.0120226399178034,0.0120226399178034,0.0120226399178034,0.0120226399178034
DWSO,2.0,400000000000.0,1e-06,C2N,0.0001,30,0.013699965359522509,0.0007398448164047908,0.0001350765649993907,0.01342370276482829,0.013976227954216727,0.01375210071276925,0.012391369861860657,0.014911201215534534,0.012134279070666,0.0149740652703946
DWSO,2.0,400000000000.0,1e-06,C2N,0.001,30,0.16936332342078883,0.02322743419895481,0.004240729887911496,0.16069005694975413,0.17803658989182353,0.16941515634886425,0.12796955919094244,0.20854553797604108,0.1235343718125361,0.210274701399329
DWSO,2.0,400000000000.0,1e-06,N2N,0.0001,30,0.016227375402736357,0.0006123842385175925,0.00011180555376556981,0.015998707370019953,0.01645604343545276,0.01623667201711065,0.015202987386693845,0.017204927254578447,0.0150311379295089,0.0172772550436819
DWSO,2.0,400000000000.0,1e-06,N2N,0.001,30,0.019272229282011492,0.0006742000034084579,0.00012309151671229074,0.01902047886333644,0.019523979700686544,0.019477774352239553,0.018046809854177757,0.02026352166284905,0.0179989876387771,0.0204484145240259
SSO,0.6,100000000000.0,1e-06,C2C,0.0,1,9.927549737666836e-11,0.0,0.0,9.927549737666836e-11,9.927549737666836e-11,9.927549737666836e-11,9.927549737666836e-11,9.927549737666836e-11,9.927549737666836e-11,9.927549737666836e-11
SSO,0.6,100000000000.0,1e-06,C2N,0.0001,30,7.021786728041465e-07,1.132966570959611e-07,2.0685044927128545e-08,6.598730057703365e-07,7.444843398379564e-07,7.108005841492015e-07,5.236841943560749e-07,8.936315166075663e-07,4.997244074906766e-07,9.059022363380256e-07
SSO,0.6,100000000000.0,1e-06,C2N,0.001,30,7.023391616229299e-05,1.1313407494576122e-05,2.065536162342449e-06,6.600942037617319e-05,7.44584119484128e-05,7.11546062000482e-05,5.23877993936252e-05,8.929518630493702e-05,5.008522632723547e-05,9.056700019718202e-05
SSO,0.6,100000000000.0,1e-06,N2N,0.0001,30,9.131557154523168e-07,1.394557462291262e-07,2.546101932780281e-08,8.610820840041809e-07,9.652293469004528e-07,9.48810680503644e-07,6.711975035373705e-07,1.1424155571396824e-06,6.622946166937147e-07,1.1491714951846445e-06
SSO,0.6,100000000000.0,1e-06,N2N,0.001,30,0.0003988069339371133,3.6144102686435735e-05,6.598980120714642e-06,0.00038531050418638327,0.0004123033636878433,0.00040208342148855003,0.00032264329277235747,0.00044946228017033,0.0003189632505993,0.0004503567909074
SSO,0.65,100000000000.0,1e-06,C2C,0.0,1,3.1839565503789904e-11,0.0,0.0,3.1839565503789904e-11,3.1839565503789904e-11,3.1839565503789904e-11,3.1839565503789904e-11,3.1839565503789904e-11,3.1839565503789904e-11,3.1839565503789904e-11
SSO,0.65,100000000000.0,1e-06,C2N,0.0001,30,1.5439883941372718e-07,2.366972269690281e-08,4.3214803503285615e-09,1.455604197033412e-07,1.6323725912411318e-07,1.5092942359207557e-07,1.1249862260205484e-07,1.9589203948712222e-07,1.1247269943262229e-07,2.102566216708452e-07
SSO,0.65,100000000000.0,1e-06,C2N,0.001,30,1.5441906520948714e-05,2.396162244578885e-06,4.3747737093268874e-07,1.4547164834154896e-05,1.633664820774253e-05,1.5097952015768866e-05,1.1199274673631217e-05,1.9667002773100485e-05,1.1165912734994536e-05,2.106974246708306e-05
SSO,0.65,100000000000.0,1e-06,N2N,0.0001,30,1.8745963681270158e-07,2.9109213535865466e-08,5.314590961609411e-09,1.7659007784220746e-07,1.983291957831957e-07,1.836158170456532e-07,1.3663638130298542e-07,2.446537675307576e-07,1.3164163804734434e-07,2.689435528704121e-07
SSO,0.65,100000000000.0,1e-06,N2N,0.001,30,3.793781926129604e-05,3.3628904228934764e-06,6.139769810122815e-07,3.668209534014257e-05,3.91935431824495e-05,3.782025828646743e-05,3.287644852305373e-05,4.5025280857856594e-05,3.1621722232961846e-05,4.577770258998653e-05
SSO,0.675,100000000000.0,1e-06,C2C,0.0,1,1.135531822744214e-10,0.0,0.0,1.135531822744214e-10,1.135531822744214e-10,1.135531822744214e-10,1.135531822744214e-10,1.135531822744214e-10,1.135531822744214e-10,1.135531822744214e-10
SSO,0.675,100000000000.0,1e-06,C2N,0.0001,30,2.0359728038091895e-07,3.158309595702065e-08,5.766258030503474e-09,1.918039585327475e-07,2.153906022290904e-07,2.0737511333117596e-07,1.439124289053558e-07,2.604969974205512e-07,1.4173000685926933e-07,2.662380616611138e-07
SSO,0.675,100000000000.0,1e-06,C2N,0.001,30,2.0345549327055712e-05,3.141615287780776e-06,5.735778533735384e-07,1.9172450899265305e-05,2.151864775484612e-05,2.0807637639779308e-05,1.4469969969106259e-05,2.6018105910261305e-05,1.419435840461386e-05,2.660744894250793e-05
SSO,0.675,100000000000.0,1e-06,N2N,0.0001,30,2.6048708530662554e-07,3.959005687513847e-08,7.228122401141942e-09,2.4570391511484665e-07,2.7527025549840443e-07,2.589283038145021e-07,1.846906570757233e-07,3.34614483527479e-07,1.547604338545268e-07,3.550396376283008e-07
SSO,0.675,100000000000.0,1e-06,N2N,0.001,30,6.464704986372572e-05,7.822503129950099e-06,1.4281871401428117e-06,6.172607919019291e-05,6.756802053725853e-05,6.317201533485818e-05,5.245139563586753e-05,8.068047598559975e-05,5.044615758790948e-05,8.12951415389542e-05
SSO,0.7,100000000000.0,1e-06,C2C,0.0,1,1.7694583060505615e-10,0.0,0.0,1.7694583060505615e-10,1.7694583060505615e-10,1.7694583060505615e-10,1.7694583060505615e-10,1.7694583060505615e-10,1.7694583060505615e-10,1.7694583060505615e-10
SSO,0.7,100000000000.0,1e-06,C2N,0.0001,30,2.6687367076613456e-07,3.589445551407523e-08,6.553400991474898e-09,2.5347046080158823e-07,2.802768807306809e-07,2.587701477045348e-07,2.2373216585866668e-07,3.431199299096244e-07,2.1749881457576122e-07,3.889020474641902e-07
SSO,0.7,100000000000.0,1e-06,C2N,0.001,30,2.663296790661972e-05,3.5820110425507165e-06,6.53982749745875e-07,2.5295423001396003e-05,2.7970512811843437e-05,2.586045859759815e-05,2.2377285833179316e-05,3.422556314561987e-05,2.180218400803819e-05,3.868473957573893e-05
SSO,0.7,100000000000.0,1e-06,N2N,0.0001,30,4.469075880009966e-07,8.356535352881959e-08,1.5256876384542806e-08,4.157037721729752e-07,4.781114038290179e-07,4.474156099644771e-07,3.013075764544741e-07,5.80038578346777e-07,2.895242903463393e-07,6.858356467091519e-07
SSO,0.7,100000000000.0,1e-06,N2N,0.001,30,0.00010582582095012029,9.908964149776483e-06,1.809121062114193e-06,0.00010212575292767774,0.00010952588897256283,0.00010553939121555001,8.862780984914067e-05,0.00012104481106677,8.842818416212979e-05,0.0001244548886033
SSO,0.725,100000000000.0,1e-06,C2C,0.0,1,5.913770340498092e-11,0.0,0.0,5.913770340498092e-11,5.913770340498092e-11,5.913770340498092e-11,5.913770340498092e-11,5.913770340498092e-11,5.913770340498092e-11,5.913770340498092e-11
SSO,0.725,100000000000.0,1e-06,C2N,0.0001,30,1.1424111223720438e-07,1.5414882564240157e-08,2.8143596339091373e-09,1.0848510049031168e-07,1.199971239840971e-07,1.1238751671514815e-07,9.4313536093984e-08,1.4465177877991414e-07,9.204713156859661e-08,1.5524003422592465e-07
SSO,0.725,100000000000.0,1e-06,C2N,0.001,30,1.1412732544617991e-05,1.5419089739687286e-06,2.815127755541062e-07,1.0836974271415682e-05,1.19884908178203e-05,1.1223748024162591e-05,9.394253513267464e-06,1.4406213822262461e-05,9.23050175360874e-06,1.5582250925345512e-05
SSO,0.725,100000000000.0,1e-06,N2N,0.0001,30,1.3977654602845492e-07,1.9683505412855486e-08,3.593699975131996e-09,1.3242660431438342e-07,1.4712648774252643e-07,1.344183989873689e-07,1.1420186281838626e-07,1.7911549902319656e-07,1.086533342967885e-07,1.904326438107812e-07
SSO,0.725,100000000000.0,1e-06,N2N,0.001,30,2.1595950009314944e-05,3.0141082542211105e-06,5.502983605331393e-07,2.047046349033554e-05,2.272143652829435e-05,2.1192297587869985e-05,1.722678072746151e-05,2.7701070563702154e-05,1.6885438114828804e-05,2.772318283180373e-05
SSO,0.75,100000000000.0,1e-06,C2C,0.0,1,7.165649820194193e-11,0.0,0.0,7.165649820194193e-11,7.165649820194193e-11,7.165649820194193e-11,7.165649820194193e-11,7.165649820194193e-11,7.165649820194193e-11,7.165649820194193e-11
SSO,0.75,100000000000.0,1e-06,C2N,0.0001,30,1.8126874118258525e-07,2.357560937766546e-08,4.304297687692567e-09,1.7246546396315316e-07,1.9007201840201734e-07,1.791597888521956e-07,1.4645085836508868e-07,2.2480910438948424e-07,1.4256591680672653e-07,2.4214536937091585e-07
SSO,0.75,100000000000.0,1e-06,C2N,0.001,30,1.812473299663437e-05,2.3598471722827835e-06,4.3084717617468683e-07,1.724355158069273e-05,1.900591441257601e-05,1.7974549779236e-05,1.467549876717155e-05,2.248027996219855e-05,1.420270455860213e-05,2.4196697313615765e-05
SSO,0.75,100000000000.0,1e-06,N2N,0.0001,30,2.2351001632468475e-07,2.9599188133783652e-08,5.4040476749041826e-09,2.124574978324724e-07,2.345625348168971e-07,2.1864608654303833e-07,1.7663689127327893e-07,2.8501566610696533e-07,1.697968754201176e-07,3.044952454691687e-07
SSO,0.75,100000000000.0,1e-06,N2N,0.001,30,4.161754103282592e-05,5.324683504534425e-06,9.72149755669722e-07,3.962927153593814e-05,4.36058105297137e-05,4.327711470993953e-05,3.3440658657839605e-05,4.989140578175122e-05,3.120203119676961e-05,5.299382495244789e-05
SSO,0.775,100000000000.0,1e-06,C2C,0.0,1,4.6831228892658026e-11,0.0,0.0,4.6831228892658026e-11,4.6831228892658026e-11,4.6831228892658026e-11,4.6831228892658026e-11,4.6831228892658026e-11,4.6831228892658026e-11,4.6831228892658026e-11
SSO,0.775,100000000000.0,1e-06,C2N,0.0001,30,1.4035583883498833e-07,2.0413832893791733e-08,3.727038920356898e-09,1.3273318835769214e-07,1.4797848931228453e-07,1.3876052765357312e-07,1.1214847373207684e-07,1.7298949891197967e-07,1.0744851047638625e-07,1.879879381490085e-07
SSO,0.775,100000000000.0,1e-06,C2N,0.001,30,1.402899652644995e-05,2.0305640562219414e-06,3.707285793506486e-07,1.3270771446776258e-05,1.4787221606123642e-05,1.388580776051351e-05,1.1265676194127858e-05,1.732429700963246e-05,1.0739037235069793e-05,1.87751096163672e-05
SSO,0.775,100000000000.0,1e-06,N2N,0.0001,30,1.7338543358664067e-07,2.8364236617268174e-08,5.178577407230602e-09,1.6279405356929392e-07,1.8397681360398742e-07,1.709258950649211e-07,1.2544013882076348e-07,2.2128161030949768e-07,1.2128686446304933e-07,2.249837347930802e-07
SSO,0.775,100000000000.0,1e-06,N2N,0.001,30,3.88630713381566e-05,3.1733596328409865e-06,5.793735513277734e-07,3.7678119377113345e-05,4.004802329919985e-05,3.8838193377112415e-05,3.382433584090596e-05,4.403187325783018e-05,3.358863939230936e-05,4.488922243098562e-05
SSO,0.8,100000000000.0,1e-06,C2C,0.0,1,5.6976404803045193e-11,0.0,0.0,5.6976404803045193e-11,5.6976404803045193e-11,5.6976404803045193e-11,5.6976404803045193e-11,5.6976404803045193e-11,5.6976404803045193e-11,5.6976404803045193e-11
SSO,0.8,100000000000.0,1e-06,C2N,0.0001,30,1.1075511442598913e-07,1.39799898847653e-08,2.552385271193334e-09,1.055349004112016e-07,1.1597532844077665e-07,1.1189266093955971e-07,9.083584591514393e-08,1.3690339006720717e-07,8.837876674362024e-08,1.449641445360993e-07
SSO,0.8,100000000000.0,1e-06,C2N,0.001,30,1.1065066439274765e-05,1.4001973536529597e-06,2.556398918515882e-07,1.0542224154748297e-05,1.1587908723801232e-05,1.1138798102152421e-05,9.067849596146488e-06,1.3664883111640147e-05,8.794130302766382e-06,1.445939008535487e-05
SSO,0.8,100000000000.0,1e-06,N2N,0.0001,30,1.3401603424335772e-07,1.9882046039346292e-08,3.6299483683687364e-09,1.2659195624095874e-07,1.414401122457567e-07,1.350081767676147e-07,1.001758345944546e-07,1.735807400452038e-07,9.486862012724564e-08,1.8317442502658098e-07
SSO,0.8,100000000000.0,1e-06,N2N,0.001,30,1.9393186487697354e-05,2.6520016319972588e-06,4.841870387951376e-07,1.840291280361708e-05,2.0383460171777627e-05,1.930577393755266e-05,1.4366151627879214e-05,2.404059094950724e-05,1.390000870360316e-05,2.5280636434053548e-05
SSO,0.85,100000000000.0,1e-06,C2C,0.0,1,7.352836711304855e-11,0.0,0.0,7.352836711304855e-11,7.352836711304855e-11,7.352836711304855e-11,7.352836711304855e-11,7.352836711304855e-11,7.352836711304855e-11,7.352836711304855e-11
SSO,0.85,100000000000.0,1e-06,C2N,0.0001,30,1.0586844506705937e-07,1.2731598946300089e-08,2.3244613119991875e-09,1.0111438788976796e-07,1.1062250224435077e-07,1.0608377825589863e-07,8.434697247955571e-08,1.2473278997031307e-07,8.423064956437386e-08,1.2584969640512518e-07
SSO,0.85,100000000000.0,1e-06,C2N,0.001,30,1.057702553444836e-05,1.2728970198870407e-06,2.3239813705774473e-07,1.0101717975761442e-05,1.1052333093135277e-05,1.0587216614523138e-05,8.413225648538926e-06,1.2429437882620033e-05,8.384235017646897e-06,1.2616237708282094e-05
SSO,0.85,100000000000.0,1e-06,N2N,0.0001,30,1.2208000472990992e-07,1.2497247144894255e-08,2.281674722658539e-09,1.1741345595342377e-07,1.267465535063961e-07,1.21936175846021e-07,9.999001483071824e-08,1.4191930655514067e-07,9.778990436687572e-08,1.4267990834970453e-07
SSO,0.85,100000000000.0,1e-06,N2N,0.001,30,1.819266263379201e-05,1.7668830977377536e-06,3.225872430351909e-07,1.753289764216257e-05,1.8852427625421447e-05,1.84154238639364e-05,1.5164813097782908e-05,2.0782272149880646e-05,1.4398764073076033e-05,2.0783166329201488e-05
SSO,0.86,100000000000.0,1e-06,C2C,0.0,1,3.2550286849774466e-11,0.0,0.0,3.2550286849774466e-11,3.2550286849774466e-11,3.2550286849774466e-11,3.2550286849774466e-11,3.2550286849774466e-11,3.2550286849774466e-11,3.2550286849774466e-11
SSO,0.86,100000000000.0,1e-06,C2N,0.0001,30,1.3663412660133708e-07,2.0568828289284954e-08,3.755337078497255e-09,1.2895359989219447e-07,1.4431465331047968e-07,1.344019514252255e-07,1.0145127306738558e-07,1.6890710671641264e-07,9.153633935219713e-08,1.701085951999467e-07
SSO,0.86,100000000000.0,1e-06,C2N,0.001,30,1.3658354787442067e-05,2.06230004663677e-06,3.76522751962305e-07,1.2888279294191382e-05,1.4428430280692752e-05,1.3430678141233504e-05,1.0098165019913414e-05,1.688842772448873e-05,9.122941673303436e-06,1.6937897351989343e-05
SSO,0.86,100000000000.0,1e-06,N2N,0.0001,30,1.7044463930235125e-07,2.3478852022477012e-08,4.286632292345484e-09,1.61677491873123e-07,1.792117867315795e-07,1.682683516244698e-07,1.3738845337537643e-07,2.1732731252394985e-07,1.3429674953465018e-07,2.2863844491366642e-07
SSO,0.86,100000000000.0,1e-06,N2N,0.001,30,2.9027846455009534e-05,3.0586010288298447e-06,5.584215926328716e-07,2.7885746060949833e-05,3.0169946849069235e-05,2.8537324510974636e-05,2.3207527166501722e-05,3.401808085078558e-05,2.278553642976588e-05,3.412712239875781e-05
SSO,0.87,100000000000.0,1e-06,C2C,0.0,1,4.487335887853854e-11,0.0,0.0,4.487335887853854e-11,4.487335887853854e-11,4.487335887853854e-11,4.487335887853854e-11,4.487335887853854e-11,4.487335887853854e-11,4.487335887853854e-11
SSO,0.87,100000000000.0,1e-06,C2N,0.0001,30,1.2131610670203993e-07,1.4143826548102543e-08,2.5822976166120632e-09,1.160347150717363e-07,1.2659749833234355e-07,1.1847042446139121e-07,9.488175589825352e-08,1.4339028338188023e-07,8.599046208773943e-08,1.445588979202526e-07
SSO,0.87,100000000000.0,1e-06,C2N,0.001,30,1.2128292943277678e-05,1.4001258178623879e-06,2.5562683126286647e-07,1.1605477370654409e-05,1.2651108515900946e-05,1.1852105836860937e-05,9.516965138696492e-06,1.4334708401422399e-05,8.637355072308914e-06,1.4527141459511609e-05
SSO,0.87,100000000000.0,1e-06,N2N,0.0001,30,1.446596040004011e-07,1.502767180816577e-08,2.7436649453722797e-09,1.390481791260453e-07,1.5027102887475687e-07,1.4663660504794489e-07,1.1489802873528828e-07,1.6985533506783977e-07,1.146150565861812e-07,1.699726650442068e-07
SSO,0.87,100000000000.0,1e-06,N2N,0.001,30,2.064892062314336e-05,2.48809262079616e-06,4.5426148452406805e-07,1.971985156971553e-05,2.1577989676571188e-05,2.079809712536408e-05,1.582229617329441e-05,2.444279737289662e-05,1.4680828455620522e-05,2.456729698003548e-05
SSO,0.875,100000000000.0,1e-06,C2C,0.0,1,5.1379426294216446e-11,0.0,0.0,5.1379426294216446e-11,5.1379426294216446e-11,5.1379426294216446e-11,5.1379426294216446e-11,5.1379426294216446e-11,5.1379426294216446e-11,5.1379426294216446e-11
SSO,0.875,100000000000.0,1e-06,C2N,0.0001,30,1.1394877296268154e-07,1.1830261132938014e-08,2.159900294562258e-09,1.0953128085619165e-07,1.1836626506917142e-07,1.1724098286397073e-07,9.202304062394885e-08,1.3335283906386402e-07,9.175362215299645e-08,1.334502624335851e-07
SSO,0.875,100000000000.0,1e-06,C2N,0.001,30,1.1387860548468154e-05,1.174613435379034e-06,2.1445409163524454e-07,1.0949252683379108e-05,1.18264684135572e-05,1.1690376483589575e-05,9.213305972659667e-06,1.3287862659011213e-05,9.132220533964173e-06,1.3342433233744706e-05
SSO,0.875,100000000000.0,1e-06,N2N,0.0001,30,1.4164809379373876e-07,1.7744110337151908e-08,3.2396164981728992e-09,1.3502233410253341e-07,1.4827385348494411e-07,1.4245612213576465e-07,1.1558238474211334e-07,1.7263203149399108e-07,1.1490736652482856e-07,1.7629614397045697e-07
SSO,0.875,100000000000.0,1e-06,N2N,0.001,30,2.318448385051743e-05,2.9119159582027294e-06,5.316406852889685e-07,2.2097156562000688e-05,2.427181113903417e-05,2.2896887237307954e-05,1.80823094139456e-05,2.7749285462406908e-05,1.805308036822424e-05,2.888468266689159e-05
SSO,0.88,100000000000.0,1e-06,C2C,0.0,1,0.0004528170857891,0.0,0.0,0.0004528170857891,0.0004528170857891,0.0004528170857891,0.0004528170857891,0.0004528170857891,0.0004528170857891,0.0004528170857891
SSO,0.88,100000000000.0,1e-06,C2N,0.0001,30,0.0015527479046590132,0.00019349156046247353,3.5326564117390496e-05,0.0014804969685714247,0.0016249988407466018,0.0015367889565163998,0.0012151621117452252,0.0018863194117089848,0.0010793417936453,0.001948590433777
SSO,0.88,100000000000.0,1e-06,C2N,0.001,30,0.11007619116641475,0.016329798060728165,0.0029813995857883107,0.10397854435851833,0.11617383797431116,0.10945129625586085,0.08471623089778828,0.13844758995949086,0.0694367983170747,0.1395191119258897
SSO,0.88,100000000000.0,1e-06,N2N,0.0001,30,0.002790553100860424,0.00010952073310258315,1.9995658678262518e-05,0.0027496573870176735,0.0028314488147031746,0.00279794265031585,0.0025988265895526747,0.0029733098923217373,0.0025915708705185,0.0030039782039886
SSO,0.88,100000000000.0,1e-06,N2N,0.001,30,0.006001201884346876,0.00018569575868682651,3.3903251955270263e-05,0.005931861948483264,0.0060705418202104885,0.00602012226261245,0.005690817249955435,0.006333560612180443,0.0056431538437676,0.0063362166092013
SSO,0.8875,100000000000.0,1e-06,C2C,0.0,1,0.0005244421449607,0.0,0.0,0.0005244421449607,0.0005244421449607,0.0005244421449607,0.0005244421449607,0.0005244421449607,0.0005244421449607,0.0005244421449607
SSO,0.8875,100000000000.0,1e-06,C2N,0.0001,30,0.0017587298049029333,0.00018853712829287018,3.4422012697750156e-05,0.0016883288841916264,0.0018291307256142401,0.0017688636504018,0.001453948956846865,0.0020932459952619177,0.0013164210475531,0.0020936504232645
SSO,0.8875,100000000000.0,1e-06,C2N,0.001,30,0.12419868422063884,0.01422711255601946,0.0025975034916989465,0.11888619308387297,0.12951117535740472,0.12409118268045835,0.10334300517645856,0.14893281802537084,0.1028234876289861,0.1511058170632642
SSO,0.8875,100000000000.0,1e-06,N2N,0.0001,30,0.002896372252806546,0.00012902273122142668,2.3556220106967157e-05,0.0028481943731871744,0.0029445501324259177,0.0028878992170792497,0.0027020259723048775,0.003137008909889262,0.002615830571924,0.0031426953444099
SSO,0.8875,100000000000.0,1e-06,N2N,0.001,30,0.0061929340031611465,0.00026281025362681946,4.798236808502097e-05,0.0060947990416539395,0.006291068964668353,0.0061648017860789,0.0058696501578508024,0.0067489845936604415,0.0058611697026097,0.007045225559525
SSO,0.89,100000000000.0,1e-06,C2C,0.0,1,0.000550377761398,0.0,0.0,0.000550377761398,0.000550377761398,0.000550377761398,0.000550377761398,0.000550377761398,0.000550377761398,0.000550377761398
SSO,0.89,100000000000.0,1e-06,C2N,0.0001,30,0.0018274140695872137,0.0001642343916735513,2.9984960345914228e-05,0.0017660879398695762,0.0018887401993048511,0.0018441046925645,0.0015520796712337726,0.0021213511687188,0.0015319141177944,0.0022576977476227
SSO,0.89,100000000000.0,1e-06,C2N,0.001,30,0.12793240885252088,0.012266361501389208,0.002239520964274602,0.12335207419220885,0.1325127435128329,0.13005598416057196,0.10445134507638565,0.14600598767525721,0.1025339667673869,0.1477113095574817
SSO,0.89,100000000000.0,1e-06,N2N,0.0001,30,0.0029673715793429663,0.00012177794317246813,2.223350882738101e-05,0.0029218989480405875,0.003012844210645345,0.0029658932971352,0.00277618362737252,0.0031594716764693077,0.0026985529077939,0.0031849731947398
SSO,0.89,100000000000.0,1e-06,N2N,0.001,30,0.006286962827266017,0.00021438050178931116,3.9140345573094115e-05,0.006206911832296607,0.006367013822235427,0.0062751762256199,0.0059202755867286926,0.0066151236279959925,0.005802625718329,0.0066833434978502
SSO,0.9,100000000000.0,1e-06,C2C,0.0,1,0.000673335384223,0.0,0.0,0.000673335384223,0.000673335384223,0.000673335384223,0.000673335384223,0.000673335384223,0.000673335384223,0.000673335384223
SSO,0.9,100000000000.0,1e-06,C2N,0.0001,30,0.00214385460346696,0.00031334134515951384,5.7208040980959306e-05,0.0020268510222843598,0.0022608581846495605,0.0021108981727223,0.001654895918854025,0.002750084075475725,0.0015653511750477,0.0027746287751294
SSO,0.9,100000000000.0,1e-06,C2N,0.001,30,0.14600755285305478,0.021100819704440603,0.0038524649779905365,0.1381283772847904,0.15388672842131915,0.14804493137368807,0.10721698447549947,0.17841289619651943,0.1068712989141786,0.1843253481705588
SSO,0.9,100000000000.0,1e-06,N2N,0.0001,30,0.0032718486055665972,0.00011225073968124631,2.0494087406686287e-05,0.003229933490513984,0.0033137637206192105,0.00325850457913015,0.0030899551156205476,0.0034986721277038674,0.0030338263753197,0.0035919682566137
SSO,0.9,100000000000.0,1e-06,N2N,0.001,30,0.006755930387032293,0.00021138821930647732,3.859403203500223e-05,0.006676996728704887,0.006834864045359698,0.0067449163744935006,0.006352009480387333,0.0070938491790675596,0.0062637039289192,0.0071490840573066
SSO,0.91,100000000000.0,1e-06,C2C,0.0,1,0.0007835679593698,0.0,0.0,0.0007835679593698,0.0007835679593698,0.0007835679593698,0.0007835679593698,0.0007835679593698,0.0007835679593698,0.0007835679593698
SSO,0.91,100000000000.0,1e-06,C2N,0.0001,30,0.002290752983233449,0.00024746536316835394,4.5180787202838516e-05,0.002198347897991314,0.0023831580684755844,0.00223728352834095,0.0019165230768280826,0.002812047288945315,0.0018028726658357,0.0028195719323568
SSO,0.91,100000000000.0,1e-06,C2N,0.001,30,0.15873840360732133,0.01787948711153049,0.003264332802536045,0.1520620933977885,0.16541471381685416,0.15554715585601492,0.13468998612406607,0.1964086389266119,0.1292621861143515,0.2002032791443111
SSO,0.91,100000000000.0,1e-06,N2N,0.0001,30,0.00336891674594029,0.00010995013793413018,2.0074056915775855e-05,0.003327860689698286,0.003409972802182294,0.003353672682949,0.003185801843779555,0.0036214275519380374,0.0031012726491215,0.0036952440267106
SSO,0.91,100000000000.0,1e-06,N2N,0.001,30,0.007000597136026391,0.0002595256973851269,4.73826929033645e-05,0.006903688647976359,0.007097505624076422,0.0069780218218723,0.006542272292556788,0.0075703045922482825,0.0065104961457383,0.0076596517359991
SSO,0.92,100000000000.0,1e-06,C2C,0.0,1,0.0019796596809664,0.0,0.0,0.0019796596809664,0.0019796596809664,0.0019796596809664,0.0019796596809664,0.0019796596809664,0.0019796596809664,0.0019796596809664
SSO,0.92,100000000000.0,1e-06,C2N,0.0001,30,0.003391110216471654,0.0004604940042613881,8.407431790994745e-05,0.003219158929340141,0.003563061503603167,0.0033877901608459,0.0025356926478054876,0.004195042728938722,0.002505843755437,0.0043531775059509
SSO,0.92,100000000000.0,1e-06,C2N,0.001,30,0.1491899448237272,0.018738874223985742,0.003421234704909702,0.14219273419255274,0.15618715545490164,0.1489429747289682,0.11743818091329149,0.1818853085772829,0.0983990574994929,0.1846927461285366
SSO,0.92,100000000000.0,1e-06,N2N,0.0001,30,0.005413723649556819,0.00015337156647830078,2.8001688880022835e-05,0.005356453765429619,0.00547099353368402,0.00542306277320825,0.005189150415046352,0.005729452912372932,0.0051150168231275,0.0058427544293987
SSO,0.92,100000000000.0,1e-06,N2N,0.001,30,0.008119969092249903,0.0002661400474206312,4.8590302475924774e-05,0.008020590765305948,0.008219347419193859,0.008105251090457649,0.007650191741261161,0.00847093553951188,0.0074835195607938,0.0085033603525867
SSO,0.93,100000000000.0,1e-06,C2C,0.0,1,0.0011084100250375,0.0,0.0,0.0011084100250375,0.0011084100250375,0.0011084100250375,0.0011084100250375,0.0011084100250375,0.0011084100250375,0.0011084100250375
SSO,0.93,100000000000.0,1e-06,C2N,0.0001,30,0.0028785666241891907,0.0003356148064857911,6.127460004833297e-05,0.0027532459958605144,0.003003887252517867,0.0028833325749925,0.002339207072359283,0.0035884827511523526,0.002278600096697,0.0036730372401058
SSO,0.93,100000000000.0,1e-06,C2N,0.001,30,0.18163625694350988,0.02473408108551198,0.0045158047165655925,0.17240039927910725,0.1908721146079125,0.1823242444746889,0.13807939792282778,0.2164424514109345,0.117573685264009,0.21693413662665
SSO,0.93,100000000000.0,1e-06,N2N,0.0001,30,0.003570889422342413,0.00013389932745267862,2.4446560693534278e-05,0.0035208905917638003,0.0036208882529210258,0.0035596701750162498,0.0033235017638299676,0.0038123931641102123,0.0032743589252625,0.0038215495927159
SSO,0.93,100000000000.0,1e-06,N2N,0.001,30,0.007793313483940914,0.00029483378008117136,5.382903735499163e-05,0.007683220741135016,0.00790340622674681,0.0077797701821708,0.00715605170088382,0.008307783147639304,0.0071016814378575,0.0085198602278259
SSO,0.94,100000000000.0,1e-06,C2C,0.0,1,0.0020808899859832,0.0,0.0,0.0020808899859832,0.0020808899859832,0.0020808899859832,0.0020808899859832,0.0020808899859832,0.0020808899859832,0.0020808899859832
SSO,0.94,100000000000.0,1e-06,C2N,0.0001,30,0.0037425033677148467,0.0003529833766146731,6.444565259873267e-05,0.003610697208713332,0.0038743095267163613,0.00376057974188405,0.0030181926768120073,0.0042896359474444675,0.002895704565406,0.0042946039922499
SSO,0.94,100000000000.0,1e-06,C2N,0.001,30,0.17734672543219585,0.02205741065457383,0.0040271137918882925,0.16911035293278448,0.1855830979316072,0.17084893660583939,0.14644654428894652,0.2156364022402414,0.1444398985263973,0.2193676783535054
SSO,0.94,100000000000.0,1e-06,N2N,0.0001,30,0.004286782333035741,0.00019443125894073705,3.54981288019899e-05,0.004214180507769666,0.004359384158301815,0.0042770228206256995,0.003930798835885753,0.004689364790033205,0.0038729479637277,0.0046913841577561
SSO,0.94,100000000000.0,1e-06,N2N,0.001,30,0.008256222445982652,0.00036192125464868817,6.607747840388599e-05,0.00812107882847364,0.008391366063491664,0.008255670245955051,0.007573506206810498,0.008776129086920064,0.0074072475151846,0.0087948103946824
SSO,0.95,100000000000.0,1e-06,C2C,0.0,1,0.0015528297565847,0.0,0.0,0.0015528297565847,0.0015528297565847,0.0015528297565847,0.0015528297565847,0.0015528297565847,0.0015528297565847,0.0015528297565847
SSO,0.95,100000000000.0,1e-06,C2N,0.0001,30,0.003340572878979643,0.00041039342626926267,7.492724567316945e-05,0.0031873294551255176,0.0034938163028337683,0.00328814615462245,0.0028357745285391826,0.004207589715980992,0.0028111017387937,0.0043967585106523
SSO,0.95,100000000000.0,1e-06,C2N,0.001,30,0.1814964170396232,0.02603967058218184,0.004754171655954892,0.1717730442450771,0.19121978983416926,0.17744974371527467,0.14645348369505123,0.23323795332825223,0.143372859997078,0.2398775452166847
SSO,0.95,100000000000.0,1e-06,N2N,0.0001,30,0.0038293930995720623,0.00017393008598636124,3.1755143841181076e-05,0.003764446538097891,0.0038943396610462335,0.0038354408102205,0.0034971084082165826,0.004114439972506998,0.0034750297308153,0.0041195042205996
SSO,0.95,100000000000.0,1e-06,N2N,0.001,30,0.008571396123325997,0.00028352273849806806,5.176393314701009e-05,0.008465526992860357,0.008677265253791637,0.008525575286214001,0.008140948038851462,0.009167613380120435,0.0080828048784574,0.00921938019639
SSO,1.0,100000000000.0,1e-06,C2C,0.0,1,0.0026410712379997,0.0,0.0,0.0026410712379997,0.0026410712379997,0.0026410712379997,0.0026410712379997,0.0026410712379997,0.0026410712379997,0.0026410712379997
SSO,1.0,100000000000.0,1e-06,C2N,0.0001,30,0.0034960624447083204,0.00026781946363992835,4.8896920524841134e-05,0.0033960570134419082,0.0035960678759747325,0.0035059322674686,0.00306333766006351,0.00405417299203833,0.0030486088741918,0.0040677815793759
SSO,1.0,100000000000.0,1e-06,C2N,0.001,30,0.0866396123116486,0.009320617088824545,0.0017017040764724452,0.0831592366923091,0.0901199879309881,0.0857650046524731,0.06957827346380883,0.10257062182131295,0.0678085002300788,0.1053538073498759
SSO,1.0,100000000000.0,1e-06,N2N,0.0001,30,0.004693460724722589,0.00014114699668216983,2.5769798002310418e-05,0.004640755569976492,0.004746165879468686,0.0046771057638315995,0.004493078803308007,0.00497215894526653,0.0043932077151825,0.0049861173591952
SSO,1.0,100000000000.0,1e-06,N2N,0.001,30,0.010021957993845289,0.0003265933226532446,5.9627509982581674e-05,0.009900006042942349,0.010143909944748229,0.01001186468441915,0.009425092246417417,0.010539171185149602,0.0091999884773225,0.0105950953370349
SSO,1.1,100000000000.0,1e-06,C2C,0.0,1,0.0041716699824036,0.0,0.0,0.0041716699824036,0.0041716699824036,0.0041716699824036,0.0041716699824036,0.0041716699824036,0.0041716699824036,0.0041716699824036
SSO,1.1,100000000000.0,1e-06,C2N,0.0001,30,0.0062685273996761675,0.0007084885930696636,0.0001293517280531177,0.006003973411200843,0.006533081388151492,0.0061527450311710495,0.00517749788305371,0.007776781604561244,0.0048917642577724,0.0080986565487525
SSO,1.1,100000000000.0,1e-06,C2N,0.001,30,0.21708294325998764,0.029123547783121127,0.005317208025131671,0.20620803179360245,0.22795785472637284,0.2163788482401594,0.17272753309755645,0.2732578840212106,0.1662668791264815,0.2753317996690826
SSO,1.1,100000000000.0,1e-06,N2N,0.0001,30,0.008400221270143381,0.0002840800179461986,5.1865677988535125e-05,0.008294144048111919,0.008506298492174843,0.0083978634237676,0.007902143814926882,0.00887530565567228,0.0078759182444602,0.0089449454877981
SSO,1.1,100000000000.0,1e-06,N2N,0.001,30,0.010547518738312917,0.00037352443284956356,6.819591921700988e-05,0.0104080424228578,0.010686995053768033,0.01062527468539835,0.009815694313231992,0.011154419358897856,0.009624992805681,0.0112463234980146
SSO,1.2,100000000000.0,1e-06,C2C,0.0,1,0.0066487068155304,0.0,0.0,0.0066487068155304,0.0066487068155304,0.0066487068155304,0.0066487068155304,0.0066487068155304,0.0066487068155304,0.0066487068155304
SSO,1.2,100000000000.0,1e-06,C2N,0.0001,30,0.008588052587583017,0.00064875683839442,0.00011844625157478582,0.008345802802862758,0.008830302372303277,0.00848511903145935,0.00733275023510051,0.009741008547261782,0.007280138634383,0.0097600039929456
SSO,1.2,100000000000.0,1e-06,C2N,0.001,30,0.20142558152694245,0.023606808980184534,0.004309993929720865,0.19261065418446532,0.21024050886941958,0.19969597456420304,0.16273226526254445,0.24780173413007853,0.1591502915008082,0.2515503226408982
SSO,1.2,100000000000.0,1e-06,N2N,0.0001,30,0.009204970512545945,0.0003269988440360345,5.9701547718883245e-05,0.009082867137470085,0.009327073887621804,0.00920807787346115,0.008674315976261615,0.00977808817534625,0.0085975027358109,0.0099474554210122
SSO,1.2,100000000000.0,1e-06,N2N,0.001,30,0.012115322353252038,0.0005036794308335609,9.195886200630147e-05,0.01192724536281996,0.012303399343684117,0.012101574769945049,0.011093212407747194,0.012916842772668915,0.0108689851329826,0.0130057514690841
SSO,1.5,100000000000.0,1e-06,C2C,0.0,1,0.0095733385435671,0.0,0.0,0.0095733385435671,0.0095733385435671,0.0095733385435671,0.0095733385435671,0.0095733385435671,0.0095733385435671,0.0095733385435671
SSO,1.5,100000000000.0,1e-06,C2N,0.0001,30,0.011034912421616454,0.000611616847716104,0.00011166544801477072,0.010806530937334616,0.011263293905898293,0.0109339205093109,0.010004363616943164,0.01229166841904533,0.0099189243481358,0.0124015469936109
SSO,1.5,100000000000.0,1e-06,C2N,0.001,30,0.15221331041739106,0.016812444582231464,0.003069518381497897,0.14593544043648035,0.15849118039830176,0.152716665704706,0.1218165826886783,0.18035748457129502,0.1158985081211216,0.1827936092948112
SSO,1.5,100000000000.0,1e-06,N2N,0.0001,30,0.011713381213023512,0.0003441473806152051,6.283242782308799e-05,0.01158487446915257,0.011841887956894455,0.01169298372413985,0.011108542573462643,0.012313830157298502,0.0109997343207789,0.012349635326105
SSO,1.5,100000000000.0,1e-06,N2N,0.001,30,0.021485639452524956,0.0005981794558208894,0.00010921212712975536,0.021262275572838815,0.021709003332211096,0.021482474423550453,0.020547166829645084,0.022584042559443643,0.020162986902731,0.0227673040250911
