relative_path,size_bytes,sha256
aggregates/resume16_ws1_feature_sum_audit.json,15538,ab4d6c1a5907fcf478caccf01211e5b5314a5d503a1fe441816e1f13228b96e6
aggregates/resume16_ws1_feature_sum_float64.npy,32768128,b1da69232224e6b2961a39f1c545637e2761b28531b6c7656f285f9a1355b8a7
aggregates/resume2_ws2_feature_sum_audit.json,3999,89ce5f634c94557c3e65210a2aa74d9dd8ee27cdd04c103e7fa7dfd7c1875519
aggregates/resume2_ws2_feature_sum_float64.npy,32768128,f2c2ba646e5653a17920c210b4f4ed9cc6db81ad1d685be9b6489ecd0902df1e
aggregates/resume60_ws3_feature_sum_audit.json,49156,ce065dc4bd09c9ada48056487c6ec9f59c6fecec755b5289e10d62ef77fe106a
aggregates/resume60_ws3_feature_sum_float64.npy,32768128,6745f9303ade794a206495f77b3889483342210354a952a4ba486b542019b0e4
audit_paths.txt,1934,1e145919a9c7b541af87ee4185aab3563f12ab93a98862d0f00d5cdec3013dd6
audit_paths_local.txt,2101,3c866873f3b6bdde8a1a7ed59e120d4831c37a2610e5fc35f8e0faf83952b4d1
combined_completed_R434/analysis_summary.json,9853,4164e5e16c3d3df77f63bce32f8f62dc8f060a68339450a42823fd2c82b871d7
combined_completed_R434/combined_completed_R434_physical_state_mean_float32.npy,16384128,0196ba3048692e517f337b30cc45de4766a0e579e477ce34c6a2b5d6965f56ff
combined_completed_R434/narma10_predictions.csv,366901,0d6c6246680fcbc014f5a9b35ac52d9a090ed385d182df2feea0b0d7ad6e74cd
combined_completed_R434/ridge_alpha_validation.csv,3330,cd76db986659917638d4aeb5e27b6cd713b17d0d9fbf694dc0ab9aaf4b4aa6bd
complete_R512/analysis_summary.json,9805,ecc3e3d1867e2b2294a43b59f6d7b0f9d60cfb0ecd09fc0667e13d06319a956b
complete_R512/complete_R512_physical_state_mean_float32.npy,16384128,513a97bda97869a8379082c6d5bf5d1acef025d36b4b23ebb717a682d6ee06a9
complete_R512/narma10_predictions.csv,366981,ecc96f6443f34a0d6ad1faf14a47c09aa2082699f2b516354936048225eb68d5
complete_R512/ridge_alpha_validation.csv,3337,f5ab118d15dfe5abc7acc94033c51e76b1fb9176857f1bdabeceb28ac732a6fb
drive_thermal_seed_coverage_R512.csv,97432,f0b9ed6c6c572cdeeed161393047190fbc6a150b97f9987d11844e8877aa2b54
dwso_300K_f7p3_complete_R512_metrics.csv,885,c3dcbfb66960b9cafcd8ef92a8de3a8d58b4b98716b061039a18eb5b315f948b
dwso_300K_f7p3_complete_R512_review.executed.ipynb,1485795,eab30a658c86f507be5af3a087f1476584b924fb71a082ab60babf7272471dbf
dwso_300K_f7p3_complete_R512_review.ipynb,6047,2d7ad63a30c029aeedafe1aa49ee45e57eeb274e729b3aad3269116fbbc00b6c
dwso_300K_f7p3_physical_state_average_denoising_R512.pdf,30650,d013492898b8b6f2f13d5181355650c0d2bac50bda6a3c3f4dc4133a699b5aac
dwso_300K_f7p3_physical_state_average_denoising_R512.png,362361,f641c812b5fe170006f50767c67efa5a4928e4f41cd4eaba9c991d0a4cc6bcba
dwso_300K_f7p3_physical_state_average_denoising_R512.svg,117932,a230c7f2cd1f66d8bcc4f18254f769b1b93983934fe59156dcbf20ad2693a1f2
dwso_300K_f7p3_prediction_trace_R256_R434_R512.pdf,27273,ac91e3b8b9f5785de1fca11900914a63c08eba626867df802dbae7026f92cf1b
dwso_300K_f7p3_prediction_trace_R256_R434_R512.png,737898,0ac67e7d39db243cf8aa63a26644d3502af6513886c2e92ab5e9ddb18d2649dd
dwso_300K_f7p3_prediction_trace_R256_R434_R512.svg,72182,49513fdf37b8ce9b181237d2da7cdc537ff1776ec7b04637ed6d5ce0b264be6a
dwso_300K_f7p3_R512_sealed_test_target_prediction.csv,44109,2ad587041cfbcfd7fa125d7da649a5bf7673a6bcbc9d3f830b787069d4d774cd
dwso_300K_f7p3_R512_target_vs_prediction.metadata.json,3203,d23c34474f17de0e4d3d216c11e97cb3fb90efd68c122119d10dcfcc2aafee38
dwso_300K_f7p3_R512_target_vs_prediction.pdf,44705,9d6ea71a1950e9c0797a273e3eff181570b03de12b34dff301b0d5ae8d5138c3
dwso_300K_f7p3_R512_target_vs_prediction.png,1008085,6dbbf592e8e5794b906bc9d8e62b9a245e996f8446b248d1affcc601f2c2a463
dwso_300K_f7p3_R512_target_vs_prediction.svg,149636,ac4ce1e52e984d9301fe65cde05f50efd2934222e8fa5299873e00431533f1ed
figure_qa.json,1256,a909ed05fc4224b2b2377a7e8a8c9c968f97b7aac0cf67b9a72fd3538ea5e2ef
final_increment_R78/analysis_summary.json,9824,954333026d4788bcbde1ed873e068c51c17155faa14cf5ba1233b4f00b7681f8
final_increment_R78/final_increment_R78_physical_state_mean_float32.npy,16384128,a84bfdfe5b270e2dab14f92b1a9ff0dbe6d9e0550d5c4645ae691f322cbd07c3
final_increment_R78/narma10_predictions.csv,366805,29988c9d07934477ae73f59977d698b19b8ce0346bf7082ca109ba0de559c9ac
final_increment_R78/ridge_alpha_validation.csv,3324,1c79d1ede5f2e1eae11738cc824ad1e60d56a8417f3bb25e3bcfb42b6fba8b3e
historical_R256/analysis_summary.json,9815,0a65cfe84f1922e2f48097872f9110bff2964a4da2ca6b5f1d7350208196a466
historical_R256/historical_R256_physical_state_mean_float32.npy,16384128,9d270b23fad9a3f754f9480fcb921bb52e3790da4ee7f54e308c75c4820988d0
historical_R256/narma10_predictions.csv,366888,8c815dfa76504bf1eea2b8c6b5a2c3888297abdee78fda2263faf26b21de7248
historical_R256/ridge_alpha_validation.csv,3331,935e96d84bc5b27052ed0d108dfd5c93abf68c717b6a0d5b9b8401126a5851cf
manifests/resume16_ws1.csv,9381,f6fdda44ff6cabd9717f098334cec37ab26c3361a68a8c10bc1b158f579ada3e
manifests/resume2_ws2.csv,1225,3f7242384a104fff52156dd91e5aa877f1edaf4eb3f1051c25f36704d1fa8210
manifests/resume60_ws3.csv,33985,7c66415dcca391a7f8bd786d408991c08fdf12e09e924b75e583ee23a7b124de
qa/audit_paths.txt,742,8239e468b11e37b8f7ed62b3e1f28ae4fe1e2ca4d203e035c33ba2920e04ecc6
qa/cross_host_source_manifest_batch256.csv,165879,37d33ec10aa18ad515bed6d0793d38276eb4b5ab660d4ac09c48d9ff61e7b6a3
qa/drive_thermal_seed_coverage_R512.csv,97432,f0b9ed6c6c572cdeeed161393047190fbc6a150b97f9987d11844e8877aa2b54
qa/evidence_sha256.json,2986,9cc0c6057060cfa73ea3c333a0101157e23d92aa4b9f7317a260553938ae3945
qa/qa_ws1_resume16/strict_qa_manifest.csv,12247,9b3a0263a34bba5a5c13a3701ae41d9f8f52354ac6d62c9eab97ba01f480760d
qa/qa_ws1_resume16/strict_qa_summary.json,3325,a3de97c3e06fdf57ad24495886835f8fe5ec80e0f27812a3ad7f16a6d97ad7f2
qa/qa_ws2_resume2/strict_qa_manifest.csv,1889,440e26562291d6e96dc376f4ffb634077fabe14aec3557dcf06b697af9fdf97c
qa/qa_ws2_resume2/strict_qa_summary.json,3164,35e394688f9f96a6c71dd687bf23466dde0c2bfe2ca1fdbb883d25cea00c28c1
qa/qa_ws3_resume60/strict_qa_manifest.csv,42515,29a8d98289ecd4a472aac0fb8fd995064f1d5c1970afd8f07452a05443fa0687
qa/qa_ws3_resume60/strict_qa_summary.json,4656,22c0aaeaaf9929108cfe2d3c100495691db1b5162af8f1711687274fec1cd812
qa/summary_qa.json,3131,6b89251e27e2457191e914fbfdb62ad1e450c2cfc0b88e36e4511062919b3590
README.md,967,eb597613130db763edca9dbc816dad1b658c8abbf75f5e76fbbd136ed1d80a60
source/analyze_scalar_mz_ovf_features_20260730.py,6064,f2f31618d124bfc51ec35d32c3d098dac1e73d80eebe7e4f7a5cc20727eff577
source/analyze_spring_mc_single_job_20260630.py,26782,cfba59587e4b61e5437e80f0ba69a07a0e3fd72d74be9ade4d06c3042ea835e6
source/analyze_spring_narma10_single_job_protocol.py,24029,9166ca51b53edeaca1dc178f1c217117bce1e752beba8dffccdf92764cbf7046
source/build_dwso_f7p3_r512_notebook_20260905.py,6376,ae027ab8762987ecf79e0c9f11e6c77614f98f4c9c8c84fffe36f6050f7e3ced
source/build_dwso_f7p3_resume_feature_manifests.py,2352,d69737ad2821805b4842ea2572d421003910bc48a74ff862834f2b33ad7dcafb
source/extract_scalar_mz_pool8x8_features_20260815.py,11864,b4efc3d52ab97ab4c3671d59faf885bea51610bb87bde49052d37ea8689561cc
source/fit_and_plot_dwso_f7p3_complete_r512_20260905.py,18712,8cf0ce2382119f8a40e77abba17329e895b78ca29d70f5979d46afbc935be133
source/fit_and_plot_dwso_f7p3_complete_r512_20260905_executed.py,18612,542df78b28184ae20e80c6cc22ebdb7a1723e47b2a55fdedc9710a73d002f98b
source/fit_and_plot_dwso_f7p3_completed_r434_20260905.py,21599,7318bf94c5c53800b4e7becd5d1298ae531886efa32b461b177bd40ac8c34273
source/plot_dwso_f7p3_r512_target_prediction_20260906.py,7123,dd812d0e85555b8c8fe89394ce4c4899b3dc7134244848267324900da5725d80
source/replot_dwso_f7p3_complete_r512_20260905.py,5400,1fbac2a06b330742728365fdd2da4a0f1aa51f1d978a55c2d0173c99ef826962
source/sum_completed_feature_manifest_20260905.py,5556,4f91ce48e11e91c0f769a8f5e112c5b442f9aeb11144b3eb3b1ca7c407349f55
source/validate_dwso_f7p3_complete_r512_20260905.py,8726,c10efb4666f5fc8cea2ff1435f84ba316312a9e6a7ba4e13221dc2e933393f44
source_data/historical_denoising_group_samples.csv,103033,d464e748f37b024ebebdb815958341a9650110fca7aeae1edcfeceb09c4a1a2f
source_data/historical_denoising_summary.csv,2191,2fdfe8e79492e9a43e7dcea417afa004d01b4b0fe3075b97634bc9fd52095be5
source_data/narma10_seed20260707_N4000.csv,348164,76abb2456a37da29a86a756642a09fe81aa4eb175ee1a0f04a520789978bcb13
summary_qa.json,405575,dfeb11294835a4abbe4ef57249bfc6d23c1ad0e85ddcc29d58efb264ab756318
