drive_thermal_seed,cohort,simulation_host,current_storage_host,qa_status,qa_evidence
32345,prior_R256,historical_multihost,see prior R256 audit,pass,D:\OneDrive\文档\AutoDL\generated\dwso_300k_narma10_f7p3_completed_R434_state_average_snapshot20260905T0740Z\final_validation.json
32346,prior_R256,historical_multihost,see prior R256 audit,pass,D:\OneDrive\文档\AutoDL\generated\dwso_300k_narma10_f7p3_completed_R434_state_average_snapshot20260905T0740Z\final_validation.json
32347,prior_R256,historical_multihost,see prior R256 audit,pass,D:\OneDrive\文档\AutoDL\generated\dwso_300k_narma10_f7p3_completed_R434_state_average_snapshot20260905T0740Z\final_validation.json
32348,prior_R256,historical_multihost,see prior R256 audit,pass,D:\OneDrive\文档\AutoDL\generated\dwso_300k_narma10_f7p3_completed_R434_state_average_snapshot20260905T0740Z\final_validation.json
32349,prior_R256,historical_multihost,see prior R256 audit,pass,D:\OneDrive\文档\AutoDL\generated\dwso_300k_narma10_f7p3_completed_R434_state_average_snapshot20260905T0740Z\final_validation.json
32350,prior_R256,historical_multihost,see prior R256 audit,pass,D:\OneDrive\文档\AutoDL\generated\dwso_300k_narma10_f7p3_completed_R434_state_average_snapshot20260905T0740Z\final_validation.json
32351,prior_R256,historical_multihost,see prior R256 audit,pass,D:\OneDrive\文档\AutoDL\generated\dwso_300k_narma10_f7p3_completed_R434_state_average_snapshot20260905T0740Z\final_validation.json
32352,prior_R256,historical_multihost,see prior R256 audit,pass,D:\OneDrive\文档\AutoDL\generated\dwso_300k_narma10_f7p3_completed_R434_state_average_snapshot20260905T0740Z\final_validation.json
32353,prior_R256,historical_multihost,see prior R256 audit,pass,D:\OneDrive\文档\AutoDL\generated\dwso_300k_narma10_f7p3_completed_R434_state_average_snapshot20260905T0740Z\final_validation.json
32354,prior_R256,historical_multihost,see prior R256 audit,pass,D:\OneDrive\文档\AutoDL\generated\dwso_300k_narma10_f7p3_completed_R434_state_average_snapshot20260905T0740Z\final_validation.json
32355,prior_R256,historical_multihost,see prior R256 audit,pass,D:\OneDrive\文档\AutoDL\generated\dwso_300k_narma10_f7p3_completed_R434_state_average_snapshot20260905T0740Z\final_validation.json
32356,prior_R256,historical_multihost,see prior R256 audit,pass,D:\OneDrive\文档\AutoDL\generated\dwso_300k_narma10_f7p3_completed_R434_state_average_snapshot20260905T0740Z\final_validation.json
32357,prior_R256,historical_multihost,see prior R256 audit,pass,D:\OneDrive\文档\AutoDL\generated\dwso_300k_narma10_f7p3_completed_R434_state_average_snapshot20260905T0740Z\final_validation.json
32358,prior_R256,historical_multihost,see prior R256 audit,pass,D:\OneDrive\文档\AutoDL\generated\dwso_300k_narma10_f7p3_completed_R434_state_average_snapshot20260905T0740Z\final_validation.json
32359,prior_R256,historical_multihost,see prior R256 audit,pass,D:\OneDrive\文档\AutoDL\generated\dwso_300k_narma10_f7p3_completed_R434_state_average_snapshot20260905T0740Z\final_validation.json
32360,prior_R256,historical_multihost,see prior R256 audit,pass,D:\OneDrive\文档\AutoDL\generated\dwso_300k_narma10_f7p3_completed_R434_state_average_snapshot20260905T0740Z\final_validation.json
32361,prior_R256,historical_multihost,see prior R256 audit,pass,D:\OneDrive\文档\AutoDL\generated\dwso_300k_narma10_f7p3_completed_R434_state_average_snapshot20260905T0740Z\final_validation.json
32362,prior_R256,historical_multihost,see prior R256 audit,pass,D:\OneDrive\文档\AutoDL\generated\dwso_300k_narma10_f7p3_completed_R434_state_average_snapshot20260905T0740Z\final_validation.json
32363,prior_R256,historical_multihost,see prior R256 audit,pass,D:\OneDrive\文档\AutoDL\generated\dwso_300k_narma10_f7p3_completed_R434_state_average_snapshot20260905T0740Z\final_validation.json
32364,prior_R256,historical_multihost,see prior R256 audit,pass,D:\OneDrive\文档\AutoDL\generated\dwso_300k_narma10_f7p3_completed_R434_state_average_snapshot20260905T0740Z\final_validation.json
32365,prior_R256,historical_multihost,see prior R256 audit,pass,D:\OneDrive\文档\AutoDL\generated\dwso_300k_narma10_f7p3_completed_R434_state_average_snapshot20260905T0740Z\final_validation.json
32366,prior_R256,historical_multihost,see prior R256 audit,pass,D:\OneDrive\文档\AutoDL\generated\dwso_300k_narma10_f7p3_completed_R434_state_average_snapshot20260905T0740Z\final_validation.json
32367,prior_R256,historical_multihost,see prior R256 audit,pass,D:\OneDrive\文档\AutoDL\generated\dwso_300k_narma10_f7p3_completed_R434_state_average_snapshot20260905T0740Z\final_validation.json
32368,prior_R256,historical_multihost,see prior R256 audit,pass,D:\OneDrive\文档\AutoDL\generated\dwso_300k_narma10_f7p3_completed_R434_state_average_snapshot20260905T0740Z\final_validation.json
32369,prior_R256,historical_multihost,see prior R256 audit,pass,D:\OneDrive\文档\AutoDL\generated\dwso_300k_narma10_f7p3_completed_R434_state_average_snapshot20260905T0740Z\final_validation.json
32370,prior_R256,historical_multihost,see prior R256 audit,pass,D:\OneDrive\文档\AutoDL\generated\dwso_300k_narma10_f7p3_completed_R434_state_average_snapshot20260905T0740Z\final_validation.json
32371,prior_R256,historical_multihost,see prior R256 audit,pass,D:\OneDrive\文档\AutoDL\generated\dwso_300k_narma10_f7p3_completed_R434_state_average_snapshot20260905T0740Z\final_validation.json
32372,prior_R256,historical_multihost,see prior R256 audit,pass,D:\OneDrive\文档\AutoDL\generated\dwso_300k_narma10_f7p3_completed_R434_state_average_snapshot20260905T0740Z\final_validation.json
32373,prior_R256,historical_multihost,see prior R256 audit,pass,D:\OneDrive\文档\AutoDL\generated\dwso_300k_narma10_f7p3_completed_R434_state_average_snapshot20260905T0740Z\final_validation.json
32374,prior_R256,historical_multihost,see prior R256 audit,pass,D:\OneDrive\文档\AutoDL\generated\dwso_300k_narma10_f7p3_completed_R434_state_average_snapshot20260905T0740Z\final_validation.json
32375,prior_R256,historical_multihost,see prior R256 audit,pass,D:\OneDrive\文档\AutoDL\generated\dwso_300k_narma10_f7p3_completed_R434_state_average_snapshot20260905T0740Z\final_validation.json
32376,prior_R256,historical_multihost,see prior R256 audit,pass,D:\OneDrive\文档\AutoDL\generated\dwso_300k_narma10_f7p3_completed_R434_state_average_snapshot20260905T0740Z\final_validation.json
32377,prior_R256,historical_multihost,see prior R256 audit,pass,D:\OneDrive\文档\AutoDL\generated\dwso_300k_narma10_f7p3_completed_R434_state_average_snapshot20260905T0740Z\final_validation.json
32378,prior_R256,historical_multihost,see prior R256 audit,pass,D:\OneDrive\文档\AutoDL\generated\dwso_300k_narma10_f7p3_completed_R434_state_average_snapshot20260905T0740Z\final_validation.json
32379,prior_R256,historical_multihost,see prior R256 audit,pass,D:\OneDrive\文档\AutoDL\generated\dwso_300k_narma10_f7p3_completed_R434_state_average_snapshot20260905T0740Z\final_validation.json
32380,prior_R256,historical_multihost,see prior R256 audit,pass,D:\OneDrive\文档\AutoDL\generated\dwso_300k_narma10_f7p3_completed_R434_state_average_snapshot20260905T0740Z\final_validation.json
32381,prior_R256,historical_multihost,see prior R256 audit,pass,D:\OneDrive\文档\AutoDL\generated\dwso_300k_narma10_f7p3_completed_R434_state_average_snapshot20260905T0740Z\final_validation.json
32382,prior_R256,historical_multihost,see prior R256 audit,pass,D:\OneDrive\文档\AutoDL\generated\dwso_300k_narma10_f7p3_completed_R434_state_average_snapshot20260905T0740Z\final_validation.json
32383,prior_R256,historical_multihost,see prior R256 audit,pass,D:\OneDrive\文档\AutoDL\generated\dwso_300k_narma10_f7p3_completed_R434_state_average_snapshot20260905T0740Z\final_validation.json
32384,prior_R256,historical_multihost,see prior R256 audit,pass,D:\OneDrive\文档\AutoDL\generated\dwso_300k_narma10_f7p3_completed_R434_state_average_snapshot20260905T0740Z\final_validation.json
32385,prior_R256,historical_multihost,see prior R256 audit,pass,D:\OneDrive\文档\AutoDL\generated\dwso_300k_narma10_f7p3_completed_R434_state_average_snapshot20260905T0740Z\final_validation.json
32386,prior_R256,historical_multihost,see prior R256 audit,pass,D:\OneDrive\文档\AutoDL\generated\dwso_300k_narma10_f7p3_completed_R434_state_average_snapshot20260905T0740Z\final_validation.json
32387,prior_R256,historical_multihost,see prior R256 audit,pass,D:\OneDrive\文档\AutoDL\generated\dwso_300k_narma10_f7p3_completed_R434_state_average_snapshot20260905T0740Z\final_validation.json
32388,prior_R256,historical_multihost,see prior R256 audit,pass,D:\OneDrive\文档\AutoDL\generated\dwso_300k_narma10_f7p3_completed_R434_state_average_snapshot20260905T0740Z\final_validation.json
32389,prior_R256,historical_multihost,see prior R256 audit,pass,D:\OneDrive\文档\AutoDL\generated\dwso_300k_narma10_f7p3_completed_R434_state_average_snapshot20260905T0740Z\final_validation.json
32390,prior_R256,historical_multihost,see prior R256 audit,pass,D:\OneDrive\文档\AutoDL\generated\dwso_300k_narma10_f7p3_completed_R434_state_average_snapshot20260905T0740Z\final_validation.json
32391,prior_R256,historical_multihost,see prior R256 audit,pass,D:\OneDrive\文档\AutoDL\generated\dwso_300k_narma10_f7p3_completed_R434_state_average_snapshot20260905T0740Z\final_validation.json
32392,prior_R256,historical_multihost,see prior R256 audit,pass,D:\OneDrive\文档\AutoDL\generated\dwso_300k_narma10_f7p3_completed_R434_state_average_snapshot20260905T0740Z\final_validation.json
32393,prior_R256,historical_multihost,see prior R256 audit,pass,D:\OneDrive\文档\AutoDL\generated\dwso_300k_narma10_f7p3_completed_R434_state_average_snapshot20260905T0740Z\final_validation.json
32394,prior_R256,historical_multihost,see prior R256 audit,pass,D:\OneDrive\文档\AutoDL\generated\dwso_300k_narma10_f7p3_completed_R434_state_average_snapshot20260905T0740Z\final_validation.json
32395,prior_R256,historical_multihost,see prior R256 audit,pass,D:\OneDrive\文档\AutoDL\generated\dwso_300k_narma10_f7p3_completed_R434_state_average_snapshot20260905T0740Z\final_validation.json
32396,prior_R256,historical_multihost,see prior R256 audit,pass,D:\OneDrive\文档\AutoDL\generated\dwso_300k_narma10_f7p3_completed_R434_state_average_snapshot20260905T0740Z\final_validation.json
32397,prior_R256,historical_multihost,see prior R256 audit,pass,D:\OneDrive\文档\AutoDL\generated\dwso_300k_narma10_f7p3_completed_R434_state_average_snapshot20260905T0740Z\final_validation.json
32398,prior_R256,historical_multihost,see prior R256 audit,pass,D:\OneDrive\文档\AutoDL\generated\dwso_300k_narma10_f7p3_completed_R434_state_average_snapshot20260905T0740Z\final_validation.json
32399,prior_R256,historical_multihost,see prior R256 audit,pass,D:\OneDrive\文档\AutoDL\generated\dwso_300k_narma10_f7p3_completed_R434_state_average_snapshot20260905T0740Z\final_validation.json
32400,prior_R256,historical_multihost,see prior R256 audit,pass,D:\OneDrive\文档\AutoDL\generated\dwso_300k_narma10_f7p3_completed_R434_state_average_snapshot20260905T0740Z\final_validation.json
32401,prior_R256,historical_multihost,see prior R256 audit,pass,D:\OneDrive\文档\AutoDL\generated\dwso_300k_narma10_f7p3_completed_R434_state_average_snapshot20260905T0740Z\final_validation.json
32402,prior_R256,historical_multihost,see prior R256 audit,pass,D:\OneDrive\文档\AutoDL\generated\dwso_300k_narma10_f7p3_completed_R434_state_average_snapshot20260905T0740Z\final_validation.json
32403,prior_R256,historical_multihost,see prior R256 audit,pass,D:\OneDrive\文档\AutoDL\generated\dwso_300k_narma10_f7p3_completed_R434_state_average_snapshot20260905T0740Z\final_validation.json
32404,prior_R256,historical_multihost,see prior R256 audit,pass,D:\OneDrive\文档\AutoDL\generated\dwso_300k_narma10_f7p3_completed_R434_state_average_snapshot20260905T0740Z\final_validation.json
32405,prior_R256,historical_multihost,see prior R256 audit,pass,D:\OneDrive\文档\AutoDL\generated\dwso_300k_narma10_f7p3_completed_R434_state_average_snapshot20260905T0740Z\final_validation.json
32406,prior_R256,historical_multihost,see prior R256 audit,pass,D:\OneDrive\文档\AutoDL\generated\dwso_300k_narma10_f7p3_completed_R434_state_average_snapshot20260905T0740Z\final_validation.json
32407,prior_R256,historical_multihost,see prior R256 audit,pass,D:\OneDrive\文档\AutoDL\generated\dwso_300k_narma10_f7p3_completed_R434_state_average_snapshot20260905T0740Z\final_validation.json
32408,prior_R256,historical_multihost,see prior R256 audit,pass,D:\OneDrive\文档\AutoDL\generated\dwso_300k_narma10_f7p3_completed_R434_state_average_snapshot20260905T0740Z\final_validation.json
32409,prior_R256,historical_multihost,see prior R256 audit,pass,D:\OneDrive\文档\AutoDL\generated\dwso_300k_narma10_f7p3_completed_R434_state_average_snapshot20260905T0740Z\final_validation.json
32410,prior_R256,historical_multihost,see prior R256 audit,pass,D:\OneDrive\文档\AutoDL\generated\dwso_300k_narma10_f7p3_completed_R434_state_average_snapshot20260905T0740Z\final_validation.json
32411,prior_R256,historical_multihost,see prior R256 audit,pass,D:\OneDrive\文档\AutoDL\generated\dwso_300k_narma10_f7p3_completed_R434_state_average_snapshot20260905T0740Z\final_validation.json
32412,prior_R256,historical_multihost,see prior R256 audit,pass,D:\OneDrive\文档\AutoDL\generated\dwso_300k_narma10_f7p3_completed_R434_state_average_snapshot20260905T0740Z\final_validation.json
32413,prior_R256,historical_multihost,see prior R256 audit,pass,D:\OneDrive\文档\AutoDL\generated\dwso_300k_narma10_f7p3_completed_R434_state_average_snapshot20260905T0740Z\final_validation.json
32414,prior_R256,historical_multihost,see prior R256 audit,pass,D:\OneDrive\文档\AutoDL\generated\dwso_300k_narma10_f7p3_completed_R434_state_average_snapshot20260905T0740Z\final_validation.json
32415,prior_R256,historical_multihost,see prior R256 audit,pass,D:\OneDrive\文档\AutoDL\generated\dwso_300k_narma10_f7p3_completed_R434_state_average_snapshot20260905T0740Z\final_validation.json
32416,prior_R256,historical_multihost,see prior R256 audit,pass,D:\OneDrive\文档\AutoDL\generated\dwso_300k_narma10_f7p3_completed_R434_state_average_snapshot20260905T0740Z\final_validation.json
32417,prior_R256,historical_multihost,see prior R256 audit,pass,D:\OneDrive\文档\AutoDL\generated\dwso_300k_narma10_f7p3_completed_R434_state_average_snapshot20260905T0740Z\final_validation.json
32418,prior_R256,historical_multihost,see prior R256 audit,pass,D:\OneDrive\文档\AutoDL\generated\dwso_300k_narma10_f7p3_completed_R434_state_average_snapshot20260905T0740Z\final_validation.json
32419,prior_R256,historical_multihost,see prior R256 audit,pass,D:\OneDrive\文档\AutoDL\generated\dwso_300k_narma10_f7p3_completed_R434_state_average_snapshot20260905T0740Z\final_validation.json
32420,prior_R256,historical_multihost,see prior R256 audit,pass,D:\OneDrive\文档\AutoDL\generated\dwso_300k_narma10_f7p3_completed_R434_state_average_snapshot20260905T0740Z\final_validation.json
32421,prior_R256,historical_multihost,see prior R256 audit,pass,D:\OneDrive\文档\AutoDL\generated\dwso_300k_narma10_f7p3_completed_R434_state_average_snapshot20260905T0740Z\final_validation.json
32422,prior_R256,historical_multihost,see prior R256 audit,pass,D:\OneDrive\文档\AutoDL\generated\dwso_300k_narma10_f7p3_completed_R434_state_average_snapshot20260905T0740Z\final_validation.json
32423,prior_R256,historical_multihost,see prior R256 audit,pass,D:\OneDrive\文档\AutoDL\generated\dwso_300k_narma10_f7p3_completed_R434_state_average_snapshot20260905T0740Z\final_validation.json
32424,prior_R256,historical_multihost,see prior R256 audit,pass,D:\OneDrive\文档\AutoDL\generated\dwso_300k_narma10_f7p3_completed_R434_state_average_snapshot20260905T0740Z\final_validation.json
32425,prior_R256,historical_multihost,see prior R256 audit,pass,D:\OneDrive\文档\AutoDL\generated\dwso_300k_narma10_f7p3_completed_R434_state_average_snapshot20260905T0740Z\final_validation.json
32426,prior_R256,historical_multihost,see prior R256 audit,pass,D:\OneDrive\文档\AutoDL\generated\dwso_300k_narma10_f7p3_completed_R434_state_average_snapshot20260905T0740Z\final_validation.json
32427,prior_R256,historical_multihost,see prior R256 audit,pass,D:\OneDrive\文档\AutoDL\generated\dwso_300k_narma10_f7p3_completed_R434_state_average_snapshot20260905T0740Z\final_validation.json
32428,prior_R256,historical_multihost,see prior R256 audit,pass,D:\OneDrive\文档\AutoDL\generated\dwso_300k_narma10_f7p3_completed_R434_state_average_snapshot20260905T0740Z\final_validation.json
32429,prior_R256,historical_multihost,see prior R256 audit,pass,D:\OneDrive\文档\AutoDL\generated\dwso_300k_narma10_f7p3_completed_R434_state_average_snapshot20260905T0740Z\final_validation.json
32430,prior_R256,historical_multihost,see prior R256 audit,pass,D:\OneDrive\文档\AutoDL\generated\dwso_300k_narma10_f7p3_completed_R434_state_average_snapshot20260905T0740Z\final_validation.json
32431,prior_R256,historical_multihost,see prior R256 audit,pass,D:\OneDrive\文档\AutoDL\generated\dwso_300k_narma10_f7p3_completed_R434_state_average_snapshot20260905T0740Z\final_validation.json
32432,prior_R256,historical_multihost,see prior R256 audit,pass,D:\OneDrive\文档\AutoDL\generated\dwso_300k_narma10_f7p3_completed_R434_state_average_snapshot20260905T0740Z\final_validation.json
32433,prior_R256,historical_multihost,see prior R256 audit,pass,D:\OneDrive\文档\AutoDL\generated\dwso_300k_narma10_f7p3_completed_R434_state_average_snapshot20260905T0740Z\final_validation.json
32434,prior_R256,historical_multihost,see prior R256 audit,pass,D:\OneDrive\文档\AutoDL\generated\dwso_300k_narma10_f7p3_completed_R434_state_average_snapshot20260905T0740Z\final_validation.json
32435,prior_R256,historical_multihost,see prior R256 audit,pass,D:\OneDrive\文档\AutoDL\generated\dwso_300k_narma10_f7p3_completed_R434_state_average_snapshot20260905T0740Z\final_validation.json
32436,prior_R256,historical_multihost,see prior R256 audit,pass,D:\OneDrive\文档\AutoDL\generated\dwso_300k_narma10_f7p3_completed_R434_state_average_snapshot20260905T0740Z\final_validation.json
32437,prior_R256,historical_multihost,see prior R256 audit,pass,D:\OneDrive\文档\AutoDL\generated\dwso_300k_narma10_f7p3_completed_R434_state_average_snapshot20260905T0740Z\final_validation.json
32438,prior_R256,historical_multihost,see prior R256 audit,pass,D:\OneDrive\文档\AutoDL\generated\dwso_300k_narma10_f7p3_completed_R434_state_average_snapshot20260905T0740Z\final_validation.json
32439,prior_R256,historical_multihost,see prior R256 audit,pass,D:\OneDrive\文档\AutoDL\generated\dwso_300k_narma10_f7p3_completed_R434_state_average_snapshot20260905T0740Z\final_validation.json
32440,prior_R256,historical_multihost,see prior R256 audit,pass,D:\OneDrive\文档\AutoDL\generated\dwso_300k_narma10_f7p3_completed_R434_state_average_snapshot20260905T0740Z\final_validation.json
32441,prior_R256,historical_multihost,see prior R256 audit,pass,D:\OneDrive\文档\AutoDL\generated\dwso_300k_narma10_f7p3_completed_R434_state_average_snapshot20260905T0740Z\final_validation.json
32442,prior_R256,historical_multihost,see prior R256 audit,pass,D:\OneDrive\文档\AutoDL\generated\dwso_300k_narma10_f7p3_completed_R434_state_average_snapshot20260905T0740Z\final_validation.json
32443,prior_R256,historical_multihost,see prior R256 audit,pass,D:\OneDrive\文档\AutoDL\generated\dwso_300k_narma10_f7p3_completed_R434_state_average_snapshot20260905T0740Z\final_validation.json
32444,prior_R256,historical_multihost,see prior R256 audit,pass,D:\OneDrive\文档\AutoDL\generated\dwso_300k_narma10_f7p3_completed_R434_state_average_snapshot20260905T0740Z\final_validation.json
32445,prior_R256,historical_multihost,see prior R256 audit,pass,D:\OneDrive\文档\AutoDL\generated\dwso_300k_narma10_f7p3_completed_R434_state_average_snapshot20260905T0740Z\final_validation.json
32446,prior_R256,historical_multihost,see prior R256 audit,pass,D:\OneDrive\文档\AutoDL\generated\dwso_300k_narma10_f7p3_completed_R434_state_average_snapshot20260905T0740Z\final_validation.json
32447,prior_R256,historical_multihost,see prior R256 audit,pass,D:\OneDrive\文档\AutoDL\generated\dwso_300k_narma10_f7p3_completed_R434_state_average_snapshot20260905T0740Z\final_validation.json
32448,prior_R256,historical_multihost,see prior R256 audit,pass,D:\OneDrive\文档\AutoDL\generated\dwso_300k_narma10_f7p3_completed_R434_state_average_snapshot20260905T0740Z\final_validation.json
32449,prior_R256,historical_multihost,see prior R256 audit,pass,D:\OneDrive\文档\AutoDL\generated\dwso_300k_narma10_f7p3_completed_R434_state_average_snapshot20260905T0740Z\final_validation.json
32450,prior_R256,historical_multihost,see prior R256 audit,pass,D:\OneDrive\文档\AutoDL\generated\dwso_300k_narma10_f7p3_completed_R434_state_average_snapshot20260905T0740Z\final_validation.json
32451,prior_R256,historical_multihost,see prior R256 audit,pass,D:\OneDrive\文档\AutoDL\generated\dwso_300k_narma10_f7p3_completed_R434_state_average_snapshot20260905T0740Z\final_validation.json
32452,prior_R256,historical_multihost,see prior R256 audit,pass,D:\OneDrive\文档\AutoDL\generated\dwso_300k_narma10_f7p3_completed_R434_state_average_snapshot20260905T0740Z\final_validation.json
32453,prior_R256,historical_multihost,see prior R256 audit,pass,D:\OneDrive\文档\AutoDL\generated\dwso_300k_narma10_f7p3_completed_R434_state_average_snapshot20260905T0740Z\final_validation.json
32454,prior_R256,historical_multihost,see prior R256 audit,pass,D:\OneDrive\文档\AutoDL\generated\dwso_300k_narma10_f7p3_completed_R434_state_average_snapshot20260905T0740Z\final_validation.json
32455,prior_R256,historical_multihost,see prior R256 audit,pass,D:\OneDrive\文档\AutoDL\generated\dwso_300k_narma10_f7p3_completed_R434_state_average_snapshot20260905T0740Z\final_validation.json
32456,prior_R256,historical_multihost,see prior R256 audit,pass,D:\OneDrive\文档\AutoDL\generated\dwso_300k_narma10_f7p3_completed_R434_state_average_snapshot20260905T0740Z\final_validation.json
32457,prior_R256,historical_multihost,see prior R256 audit,pass,D:\OneDrive\文档\AutoDL\generated\dwso_300k_narma10_f7p3_completed_R434_state_average_snapshot20260905T0740Z\final_validation.json
32458,prior_R256,historical_multihost,see prior R256 audit,pass,D:\OneDrive\文档\AutoDL\generated\dwso_300k_narma10_f7p3_completed_R434_state_average_snapshot20260905T0740Z\final_validation.json
32459,prior_R256,historical_multihost,see prior R256 audit,pass,D:\OneDrive\文档\AutoDL\generated\dwso_300k_narma10_f7p3_completed_R434_state_average_snapshot20260905T0740Z\final_validation.json
32460,prior_R256,historical_multihost,see prior R256 audit,pass,D:\OneDrive\文档\AutoDL\generated\dwso_300k_narma10_f7p3_completed_R434_state_average_snapshot20260905T0740Z\final_validation.json
32461,prior_R256,historical_multihost,see prior R256 audit,pass,D:\OneDrive\文档\AutoDL\generated\dwso_300k_narma10_f7p3_completed_R434_state_average_snapshot20260905T0740Z\final_validation.json
32462,prior_R256,historical_multihost,see prior R256 audit,pass,D:\OneDrive\文档\AutoDL\generated\dwso_300k_narma10_f7p3_completed_R434_state_average_snapshot20260905T0740Z\final_validation.json
32463,prior_R256,historical_multihost,see prior R256 audit,pass,D:\OneDrive\文档\AutoDL\generated\dwso_300k_narma10_f7p3_completed_R434_state_average_snapshot20260905T0740Z\final_validation.json
32464,prior_R256,historical_multihost,see prior R256 audit,pass,D:\OneDrive\文档\AutoDL\generated\dwso_300k_narma10_f7p3_completed_R434_state_average_snapshot20260905T0740Z\final_validation.json
32465,prior_R256,historical_multihost,see prior R256 audit,pass,D:\OneDrive\文档\AutoDL\generated\dwso_300k_narma10_f7p3_completed_R434_state_average_snapshot20260905T0740Z\final_validation.json
32466,prior_R256,historical_multihost,see prior R256 audit,pass,D:\OneDrive\文档\AutoDL\generated\dwso_300k_narma10_f7p3_completed_R434_state_average_snapshot20260905T0740Z\final_validation.json
32467,prior_R256,historical_multihost,see prior R256 audit,pass,D:\OneDrive\文档\AutoDL\generated\dwso_300k_narma10_f7p3_completed_R434_state_average_snapshot20260905T0740Z\final_validation.json
32468,prior_R256,historical_multihost,see prior R256 audit,pass,D:\OneDrive\文档\AutoDL\generated\dwso_300k_narma10_f7p3_completed_R434_state_average_snapshot20260905T0740Z\final_validation.json
32469,prior_R256,historical_multihost,see prior R256 audit,pass,D:\OneDrive\文档\AutoDL\generated\dwso_300k_narma10_f7p3_completed_R434_state_average_snapshot20260905T0740Z\final_validation.json
32470,prior_R256,historical_multihost,see prior R256 audit,pass,D:\OneDrive\文档\AutoDL\generated\dwso_300k_narma10_f7p3_completed_R434_state_average_snapshot20260905T0740Z\final_validation.json
32471,prior_R256,historical_multihost,see prior R256 audit,pass,D:\OneDrive\文档\AutoDL\generated\dwso_300k_narma10_f7p3_completed_R434_state_average_snapshot20260905T0740Z\final_validation.json
32472,prior_R256,historical_multihost,see prior R256 audit,pass,D:\OneDrive\文档\AutoDL\generated\dwso_300k_narma10_f7p3_completed_R434_state_average_snapshot20260905T0740Z\final_validation.json
32473,prior_R256,historical_multihost,see prior R256 audit,pass,D:\OneDrive\文档\AutoDL\generated\dwso_300k_narma10_f7p3_completed_R434_state_average_snapshot20260905T0740Z\final_validation.json
32474,prior_R256,historical_multihost,see prior R256 audit,pass,D:\OneDrive\文档\AutoDL\generated\dwso_300k_narma10_f7p3_completed_R434_state_average_snapshot20260905T0740Z\final_validation.json
32475,prior_R256,historical_multihost,see prior R256 audit,pass,D:\OneDrive\文档\AutoDL\generated\dwso_300k_narma10_f7p3_completed_R434_state_average_snapshot20260905T0740Z\final_validation.json
32476,prior_R256,historical_multihost,see prior R256 audit,pass,D:\OneDrive\文档\AutoDL\generated\dwso_300k_narma10_f7p3_completed_R434_state_average_snapshot20260905T0740Z\final_validation.json
32477,prior_R256,historical_multihost,see prior R256 audit,pass,D:\OneDrive\文档\AutoDL\generated\dwso_300k_narma10_f7p3_completed_R434_state_average_snapshot20260905T0740Z\final_validation.json
32478,prior_R256,historical_multihost,see prior R256 audit,pass,D:\OneDrive\文档\AutoDL\generated\dwso_300k_narma10_f7p3_completed_R434_state_average_snapshot20260905T0740Z\final_validation.json
32479,prior_R256,historical_multihost,see prior R256 audit,pass,D:\OneDrive\文档\AutoDL\generated\dwso_300k_narma10_f7p3_completed_R434_state_average_snapshot20260905T0740Z\final_validation.json
32480,prior_R256,historical_multihost,see prior R256 audit,pass,D:\OneDrive\文档\AutoDL\generated\dwso_300k_narma10_f7p3_completed_R434_state_average_snapshot20260905T0740Z\final_validation.json
32481,prior_R256,historical_multihost,see prior R256 audit,pass,D:\OneDrive\文档\AutoDL\generated\dwso_300k_narma10_f7p3_completed_R434_state_average_snapshot20260905T0740Z\final_validation.json
32482,prior_R256,historical_multihost,see prior R256 audit,pass,D:\OneDrive\文档\AutoDL\generated\dwso_300k_narma10_f7p3_completed_R434_state_average_snapshot20260905T0740Z\final_validation.json
32483,prior_R256,historical_multihost,see prior R256 audit,pass,D:\OneDrive\文档\AutoDL\generated\dwso_300k_narma10_f7p3_completed_R434_state_average_snapshot20260905T0740Z\final_validation.json
32484,prior_R256,historical_multihost,see prior R256 audit,pass,D:\OneDrive\文档\AutoDL\generated\dwso_300k_narma10_f7p3_completed_R434_state_average_snapshot20260905T0740Z\final_validation.json
32485,prior_R256,historical_multihost,see prior R256 audit,pass,D:\OneDrive\文档\AutoDL\generated\dwso_300k_narma10_f7p3_completed_R434_state_average_snapshot20260905T0740Z\final_validation.json
32486,prior_R256,historical_multihost,see prior R256 audit,pass,D:\OneDrive\文档\AutoDL\generated\dwso_300k_narma10_f7p3_completed_R434_state_average_snapshot20260905T0740Z\final_validation.json
32487,prior_R256,historical_multihost,see prior R256 audit,pass,D:\OneDrive\文档\AutoDL\generated\dwso_300k_narma10_f7p3_completed_R434_state_average_snapshot20260905T0740Z\final_validation.json
32488,prior_R256,historical_multihost,see prior R256 audit,pass,D:\OneDrive\文档\AutoDL\generated\dwso_300k_narma10_f7p3_completed_R434_state_average_snapshot20260905T0740Z\final_validation.json
32489,prior_R256,historical_multihost,see prior R256 audit,pass,D:\OneDrive\文档\AutoDL\generated\dwso_300k_narma10_f7p3_completed_R434_state_average_snapshot20260905T0740Z\final_validation.json
32490,prior_R256,historical_multihost,see prior R256 audit,pass,D:\OneDrive\文档\AutoDL\generated\dwso_300k_narma10_f7p3_completed_R434_state_average_snapshot20260905T0740Z\final_validation.json
32491,prior_R256,historical_multihost,see prior R256 audit,pass,D:\OneDrive\文档\AutoDL\generated\dwso_300k_narma10_f7p3_completed_R434_state_average_snapshot20260905T0740Z\final_validation.json
32492,prior_R256,historical_multihost,see prior R256 audit,pass,D:\OneDrive\文档\AutoDL\generated\dwso_300k_narma10_f7p3_completed_R434_state_average_snapshot20260905T0740Z\final_validation.json
32493,prior_R256,historical_multihost,see prior R256 audit,pass,D:\OneDrive\文档\AutoDL\generated\dwso_300k_narma10_f7p3_completed_R434_state_average_snapshot20260905T0740Z\final_validation.json
32494,prior_R256,historical_multihost,see prior R256 audit,pass,D:\OneDrive\文档\AutoDL\generated\dwso_300k_narma10_f7p3_completed_R434_state_average_snapshot20260905T0740Z\final_validation.json
32495,prior_R256,historical_multihost,see prior R256 audit,pass,D:\OneDrive\文档\AutoDL\generated\dwso_300k_narma10_f7p3_completed_R434_state_average_snapshot20260905T0740Z\final_validation.json
32496,prior_R256,historical_multihost,see prior R256 audit,pass,D:\OneDrive\文档\AutoDL\generated\dwso_300k_narma10_f7p3_completed_R434_state_average_snapshot20260905T0740Z\final_validation.json
32497,prior_R256,historical_multihost,see prior R256 audit,pass,D:\OneDrive\文档\AutoDL\generated\dwso_300k_narma10_f7p3_completed_R434_state_average_snapshot20260905T0740Z\final_validation.json
32498,prior_R256,historical_multihost,see prior R256 audit,pass,D:\OneDrive\文档\AutoDL\generated\dwso_300k_narma10_f7p3_completed_R434_state_average_snapshot20260905T0740Z\final_validation.json
32499,prior_R256,historical_multihost,see prior R256 audit,pass,D:\OneDrive\文档\AutoDL\generated\dwso_300k_narma10_f7p3_completed_R434_state_average_snapshot20260905T0740Z\final_validation.json
32500,prior_R256,historical_multihost,see prior R256 audit,pass,D:\OneDrive\文档\AutoDL\generated\dwso_300k_narma10_f7p3_completed_R434_state_average_snapshot20260905T0740Z\final_validation.json
32501,prior_R256,historical_multihost,see prior R256 audit,pass,D:\OneDrive\文档\AutoDL\generated\dwso_300k_narma10_f7p3_completed_R434_state_average_snapshot20260905T0740Z\final_validation.json
32502,prior_R256,historical_multihost,see prior R256 audit,pass,D:\OneDrive\文档\AutoDL\generated\dwso_300k_narma10_f7p3_completed_R434_state_average_snapshot20260905T0740Z\final_validation.json
32503,prior_R256,historical_multihost,see prior R256 audit,pass,D:\OneDrive\文档\AutoDL\generated\dwso_300k_narma10_f7p3_completed_R434_state_average_snapshot20260905T0740Z\final_validation.json
32504,prior_R256,historical_multihost,see prior R256 audit,pass,D:\OneDrive\文档\AutoDL\generated\dwso_300k_narma10_f7p3_completed_R434_state_average_snapshot20260905T0740Z\final_validation.json
32505,prior_R256,historical_multihost,see prior R256 audit,pass,D:\OneDrive\文档\AutoDL\generated\dwso_300k_narma10_f7p3_completed_R434_state_average_snapshot20260905T0740Z\final_validation.json
32506,prior_R256,historical_multihost,see prior R256 audit,pass,D:\OneDrive\文档\AutoDL\generated\dwso_300k_narma10_f7p3_completed_R434_state_average_snapshot20260905T0740Z\final_validation.json
32507,prior_R256,historical_multihost,see prior R256 audit,pass,D:\OneDrive\文档\AutoDL\generated\dwso_300k_narma10_f7p3_completed_R434_state_average_snapshot20260905T0740Z\final_validation.json
32508,prior_R256,historical_multihost,see prior R256 audit,pass,D:\OneDrive\文档\AutoDL\generated\dwso_300k_narma10_f7p3_completed_R434_state_average_snapshot20260905T0740Z\final_validation.json
32509,prior_R256,historical_multihost,see prior R256 audit,pass,D:\OneDrive\文档\AutoDL\generated\dwso_300k_narma10_f7p3_completed_R434_state_average_snapshot20260905T0740Z\final_validation.json
32510,prior_R256,historical_multihost,see prior R256 audit,pass,D:\OneDrive\文档\AutoDL\generated\dwso_300k_narma10_f7p3_completed_R434_state_average_snapshot20260905T0740Z\final_validation.json
32511,prior_R256,historical_multihost,see prior R256 audit,pass,D:\OneDrive\文档\AutoDL\generated\dwso_300k_narma10_f7p3_completed_R434_state_average_snapshot20260905T0740Z\final_validation.json
32512,prior_R256,historical_multihost,see prior R256 audit,pass,D:\OneDrive\文档\AutoDL\generated\dwso_300k_narma10_f7p3_completed_R434_state_average_snapshot20260905T0740Z\final_validation.json
32513,prior_R256,historical_multihost,see prior R256 audit,pass,D:\OneDrive\文档\AutoDL\generated\dwso_300k_narma10_f7p3_completed_R434_state_average_snapshot20260905T0740Z\final_validation.json
32514,prior_R256,historical_multihost,see prior R256 audit,pass,D:\OneDrive\文档\AutoDL\generated\dwso_300k_narma10_f7p3_completed_R434_state_average_snapshot20260905T0740Z\final_validation.json
32515,prior_R256,historical_multihost,see prior R256 audit,pass,D:\OneDrive\文档\AutoDL\generated\dwso_300k_narma10_f7p3_completed_R434_state_average_snapshot20260905T0740Z\final_validation.json
32516,prior_R256,historical_multihost,see prior R256 audit,pass,D:\OneDrive\文档\AutoDL\generated\dwso_300k_narma10_f7p3_completed_R434_state_average_snapshot20260905T0740Z\final_validation.json
32517,prior_R256,historical_multihost,see prior R256 audit,pass,D:\OneDrive\文档\AutoDL\generated\dwso_300k_narma10_f7p3_completed_R434_state_average_snapshot20260905T0740Z\final_validation.json
32518,prior_R256,historical_multihost,see prior R256 audit,pass,D:\OneDrive\文档\AutoDL\generated\dwso_300k_narma10_f7p3_completed_R434_state_average_snapshot20260905T0740Z\final_validation.json
32519,prior_R256,historical_multihost,see prior R256 audit,pass,D:\OneDrive\文档\AutoDL\generated\dwso_300k_narma10_f7p3_completed_R434_state_average_snapshot20260905T0740Z\final_validation.json
32520,prior_R256,historical_multihost,see prior R256 audit,pass,D:\OneDrive\文档\AutoDL\generated\dwso_300k_narma10_f7p3_completed_R434_state_average_snapshot20260905T0740Z\final_validation.json
32521,prior_R256,historical_multihost,see prior R256 audit,pass,D:\OneDrive\文档\AutoDL\generated\dwso_300k_narma10_f7p3_completed_R434_state_average_snapshot20260905T0740Z\final_validation.json
32522,prior_R256,historical_multihost,see prior R256 audit,pass,D:\OneDrive\文档\AutoDL\generated\dwso_300k_narma10_f7p3_completed_R434_state_average_snapshot20260905T0740Z\final_validation.json
32523,prior_R256,historical_multihost,see prior R256 audit,pass,D:\OneDrive\文档\AutoDL\generated\dwso_300k_narma10_f7p3_completed_R434_state_average_snapshot20260905T0740Z\final_validation.json
32524,prior_R256,historical_multihost,see prior R256 audit,pass,D:\OneDrive\文档\AutoDL\generated\dwso_300k_narma10_f7p3_completed_R434_state_average_snapshot20260905T0740Z\final_validation.json
32525,prior_R256,historical_multihost,see prior R256 audit,pass,D:\OneDrive\文档\AutoDL\generated\dwso_300k_narma10_f7p3_completed_R434_state_average_snapshot20260905T0740Z\final_validation.json
32526,prior_R256,historical_multihost,see prior R256 audit,pass,D:\OneDrive\文档\AutoDL\generated\dwso_300k_narma10_f7p3_completed_R434_state_average_snapshot20260905T0740Z\final_validation.json
32527,prior_R256,historical_multihost,see prior R256 audit,pass,D:\OneDrive\文档\AutoDL\generated\dwso_300k_narma10_f7p3_completed_R434_state_average_snapshot20260905T0740Z\final_validation.json
32528,prior_R256,historical_multihost,see prior R256 audit,pass,D:\OneDrive\文档\AutoDL\generated\dwso_300k_narma10_f7p3_completed_R434_state_average_snapshot20260905T0740Z\final_validation.json
32529,prior_R256,historical_multihost,see prior R256 audit,pass,D:\OneDrive\文档\AutoDL\generated\dwso_300k_narma10_f7p3_completed_R434_state_average_snapshot20260905T0740Z\final_validation.json
32530,prior_R256,historical_multihost,see prior R256 audit,pass,D:\OneDrive\文档\AutoDL\generated\dwso_300k_narma10_f7p3_completed_R434_state_average_snapshot20260905T0740Z\final_validation.json
32531,prior_R256,historical_multihost,see prior R256 audit,pass,D:\OneDrive\文档\AutoDL\generated\dwso_300k_narma10_f7p3_completed_R434_state_average_snapshot20260905T0740Z\final_validation.json
32532,prior_R256,historical_multihost,see prior R256 audit,pass,D:\OneDrive\文档\AutoDL\generated\dwso_300k_narma10_f7p3_completed_R434_state_average_snapshot20260905T0740Z\final_validation.json
32533,prior_R256,historical_multihost,see prior R256 audit,pass,D:\OneDrive\文档\AutoDL\generated\dwso_300k_narma10_f7p3_completed_R434_state_average_snapshot20260905T0740Z\final_validation.json
32534,prior_R256,historical_multihost,see prior R256 audit,pass,D:\OneDrive\文档\AutoDL\generated\dwso_300k_narma10_f7p3_completed_R434_state_average_snapshot20260905T0740Z\final_validation.json
32535,prior_R256,historical_multihost,see prior R256 audit,pass,D:\OneDrive\文档\AutoDL\generated\dwso_300k_narma10_f7p3_completed_R434_state_average_snapshot20260905T0740Z\final_validation.json
32536,prior_R256,historical_multihost,see prior R256 audit,pass,D:\OneDrive\文档\AutoDL\generated\dwso_300k_narma10_f7p3_completed_R434_state_average_snapshot20260905T0740Z\final_validation.json
32537,prior_R256,historical_multihost,see prior R256 audit,pass,D:\OneDrive\文档\AutoDL\generated\dwso_300k_narma10_f7p3_completed_R434_state_average_snapshot20260905T0740Z\final_validation.json
32538,prior_R256,historical_multihost,see prior R256 audit,pass,D:\OneDrive\文档\AutoDL\generated\dwso_300k_narma10_f7p3_completed_R434_state_average_snapshot20260905T0740Z\final_validation.json
32539,prior_R256,historical_multihost,see prior R256 audit,pass,D:\OneDrive\文档\AutoDL\generated\dwso_300k_narma10_f7p3_completed_R434_state_average_snapshot20260905T0740Z\final_validation.json
32540,prior_R256,historical_multihost,see prior R256 audit,pass,D:\OneDrive\文档\AutoDL\generated\dwso_300k_narma10_f7p3_completed_R434_state_average_snapshot20260905T0740Z\final_validation.json
32541,prior_R256,historical_multihost,see prior R256 audit,pass,D:\OneDrive\文档\AutoDL\generated\dwso_300k_narma10_f7p3_completed_R434_state_average_snapshot20260905T0740Z\final_validation.json
32542,prior_R256,historical_multihost,see prior R256 audit,pass,D:\OneDrive\文档\AutoDL\generated\dwso_300k_narma10_f7p3_completed_R434_state_average_snapshot20260905T0740Z\final_validation.json
32543,prior_R256,historical_multihost,see prior R256 audit,pass,D:\OneDrive\文档\AutoDL\generated\dwso_300k_narma10_f7p3_completed_R434_state_average_snapshot20260905T0740Z\final_validation.json
32544,prior_R256,historical_multihost,see prior R256 audit,pass,D:\OneDrive\文档\AutoDL\generated\dwso_300k_narma10_f7p3_completed_R434_state_average_snapshot20260905T0740Z\final_validation.json
32545,prior_R256,historical_multihost,see prior R256 audit,pass,D:\OneDrive\文档\AutoDL\generated\dwso_300k_narma10_f7p3_completed_R434_state_average_snapshot20260905T0740Z\final_validation.json
32546,prior_R256,historical_multihost,see prior R256 audit,pass,D:\OneDrive\文档\AutoDL\generated\dwso_300k_narma10_f7p3_completed_R434_state_average_snapshot20260905T0740Z\final_validation.json
32547,prior_R256,historical_multihost,see prior R256 audit,pass,D:\OneDrive\文档\AutoDL\generated\dwso_300k_narma10_f7p3_completed_R434_state_average_snapshot20260905T0740Z\final_validation.json
32548,prior_R256,historical_multihost,see prior R256 audit,pass,D:\OneDrive\文档\AutoDL\generated\dwso_300k_narma10_f7p3_completed_R434_state_average_snapshot20260905T0740Z\final_validation.json
32549,prior_R256,historical_multihost,see prior R256 audit,pass,D:\OneDrive\文档\AutoDL\generated\dwso_300k_narma10_f7p3_completed_R434_state_average_snapshot20260905T0740Z\final_validation.json
32550,prior_R256,historical_multihost,see prior R256 audit,pass,D:\OneDrive\文档\AutoDL\generated\dwso_300k_narma10_f7p3_completed_R434_state_average_snapshot20260905T0740Z\final_validation.json
32551,prior_R256,historical_multihost,see prior R256 audit,pass,D:\OneDrive\文档\AutoDL\generated\dwso_300k_narma10_f7p3_completed_R434_state_average_snapshot20260905T0740Z\final_validation.json
32552,prior_R256,historical_multihost,see prior R256 audit,pass,D:\OneDrive\文档\AutoDL\generated\dwso_300k_narma10_f7p3_completed_R434_state_average_snapshot20260905T0740Z\final_validation.json
32553,prior_R256,historical_multihost,see prior R256 audit,pass,D:\OneDrive\文档\AutoDL\generated\dwso_300k_narma10_f7p3_completed_R434_state_average_snapshot20260905T0740Z\final_validation.json
32554,prior_R256,historical_multihost,see prior R256 audit,pass,D:\OneDrive\文档\AutoDL\generated\dwso_300k_narma10_f7p3_completed_R434_state_average_snapshot20260905T0740Z\final_validation.json
32555,prior_R256,historical_multihost,see prior R256 audit,pass,D:\OneDrive\文档\AutoDL\generated\dwso_300k_narma10_f7p3_completed_R434_state_average_snapshot20260905T0740Z\final_validation.json
32556,prior_R256,historical_multihost,see prior R256 audit,pass,D:\OneDrive\文档\AutoDL\generated\dwso_300k_narma10_f7p3_completed_R434_state_average_snapshot20260905T0740Z\final_validation.json
32557,prior_R256,historical_multihost,see prior R256 audit,pass,D:\OneDrive\文档\AutoDL\generated\dwso_300k_narma10_f7p3_completed_R434_state_average_snapshot20260905T0740Z\final_validation.json
32558,prior_R256,historical_multihost,see prior R256 audit,pass,D:\OneDrive\文档\AutoDL\generated\dwso_300k_narma10_f7p3_completed_R434_state_average_snapshot20260905T0740Z\final_validation.json
32559,prior_R256,historical_multihost,see prior R256 audit,pass,D:\OneDrive\文档\AutoDL\generated\dwso_300k_narma10_f7p3_completed_R434_state_average_snapshot20260905T0740Z\final_validation.json
32560,prior_R256,historical_multihost,see prior R256 audit,pass,D:\OneDrive\文档\AutoDL\generated\dwso_300k_narma10_f7p3_completed_R434_state_average_snapshot20260905T0740Z\final_validation.json
32561,prior_R256,historical_multihost,see prior R256 audit,pass,D:\OneDrive\文档\AutoDL\generated\dwso_300k_narma10_f7p3_completed_R434_state_average_snapshot20260905T0740Z\final_validation.json
32562,prior_R256,historical_multihost,see prior R256 audit,pass,D:\OneDrive\文档\AutoDL\generated\dwso_300k_narma10_f7p3_completed_R434_state_average_snapshot20260905T0740Z\final_validation.json
32563,prior_R256,historical_multihost,see prior R256 audit,pass,D:\OneDrive\文档\AutoDL\generated\dwso_300k_narma10_f7p3_completed_R434_state_average_snapshot20260905T0740Z\final_validation.json
32564,prior_R256,historical_multihost,see prior R256 audit,pass,D:\OneDrive\文档\AutoDL\generated\dwso_300k_narma10_f7p3_completed_R434_state_average_snapshot20260905T0740Z\final_validation.json
32565,prior_R256,historical_multihost,see prior R256 audit,pass,D:\OneDrive\文档\AutoDL\generated\dwso_300k_narma10_f7p3_completed_R434_state_average_snapshot20260905T0740Z\final_validation.json
32566,prior_R256,historical_multihost,see prior R256 audit,pass,D:\OneDrive\文档\AutoDL\generated\dwso_300k_narma10_f7p3_completed_R434_state_average_snapshot20260905T0740Z\final_validation.json
32567,prior_R256,historical_multihost,see prior R256 audit,pass,D:\OneDrive\文档\AutoDL\generated\dwso_300k_narma10_f7p3_completed_R434_state_average_snapshot20260905T0740Z\final_validation.json
32568,prior_R256,historical_multihost,see prior R256 audit,pass,D:\OneDrive\文档\AutoDL\generated\dwso_300k_narma10_f7p3_completed_R434_state_average_snapshot20260905T0740Z\final_validation.json
32569,prior_R256,historical_multihost,see prior R256 audit,pass,D:\OneDrive\文档\AutoDL\generated\dwso_300k_narma10_f7p3_completed_R434_state_average_snapshot20260905T0740Z\final_validation.json
32570,prior_R256,historical_multihost,see prior R256 audit,pass,D:\OneDrive\文档\AutoDL\generated\dwso_300k_narma10_f7p3_completed_R434_state_average_snapshot20260905T0740Z\final_validation.json
32571,prior_R256,historical_multihost,see prior R256 audit,pass,D:\OneDrive\文档\AutoDL\generated\dwso_300k_narma10_f7p3_completed_R434_state_average_snapshot20260905T0740Z\final_validation.json
32572,prior_R256,historical_multihost,see prior R256 audit,pass,D:\OneDrive\文档\AutoDL\generated\dwso_300k_narma10_f7p3_completed_R434_state_average_snapshot20260905T0740Z\final_validation.json
32573,prior_R256,historical_multihost,see prior R256 audit,pass,D:\OneDrive\文档\AutoDL\generated\dwso_300k_narma10_f7p3_completed_R434_state_average_snapshot20260905T0740Z\final_validation.json
32574,prior_R256,historical_multihost,see prior R256 audit,pass,D:\OneDrive\文档\AutoDL\generated\dwso_300k_narma10_f7p3_completed_R434_state_average_snapshot20260905T0740Z\final_validation.json
32575,prior_R256,historical_multihost,see prior R256 audit,pass,D:\OneDrive\文档\AutoDL\generated\dwso_300k_narma10_f7p3_completed_R434_state_average_snapshot20260905T0740Z\final_validation.json
32576,prior_R256,historical_multihost,see prior R256 audit,pass,D:\OneDrive\文档\AutoDL\generated\dwso_300k_narma10_f7p3_completed_R434_state_average_snapshot20260905T0740Z\final_validation.json
32577,prior_R256,historical_multihost,see prior R256 audit,pass,D:\OneDrive\文档\AutoDL\generated\dwso_300k_narma10_f7p3_completed_R434_state_average_snapshot20260905T0740Z\final_validation.json
32578,prior_R256,historical_multihost,see prior R256 audit,pass,D:\OneDrive\文档\AutoDL\generated\dwso_300k_narma10_f7p3_completed_R434_state_average_snapshot20260905T0740Z\final_validation.json
32579,prior_R256,historical_multihost,see prior R256 audit,pass,D:\OneDrive\文档\AutoDL\generated\dwso_300k_narma10_f7p3_completed_R434_state_average_snapshot20260905T0740Z\final_validation.json
32580,prior_R256,historical_multihost,see prior R256 audit,pass,D:\OneDrive\文档\AutoDL\generated\dwso_300k_narma10_f7p3_completed_R434_state_average_snapshot20260905T0740Z\final_validation.json
32581,prior_R256,historical_multihost,see prior R256 audit,pass,D:\OneDrive\文档\AutoDL\generated\dwso_300k_narma10_f7p3_completed_R434_state_average_snapshot20260905T0740Z\final_validation.json
32582,prior_R256,historical_multihost,see prior R256 audit,pass,D:\OneDrive\文档\AutoDL\generated\dwso_300k_narma10_f7p3_completed_R434_state_average_snapshot20260905T0740Z\final_validation.json
32583,prior_R256,historical_multihost,see prior R256 audit,pass,D:\OneDrive\文档\AutoDL\generated\dwso_300k_narma10_f7p3_completed_R434_state_average_snapshot20260905T0740Z\final_validation.json
32584,prior_R256,historical_multihost,see prior R256 audit,pass,D:\OneDrive\文档\AutoDL\generated\dwso_300k_narma10_f7p3_completed_R434_state_average_snapshot20260905T0740Z\final_validation.json
32585,prior_R256,historical_multihost,see prior R256 audit,pass,D:\OneDrive\文档\AutoDL\generated\dwso_300k_narma10_f7p3_completed_R434_state_average_snapshot20260905T0740Z\final_validation.json
32586,prior_R256,historical_multihost,see prior R256 audit,pass,D:\OneDrive\文档\AutoDL\generated\dwso_300k_narma10_f7p3_completed_R434_state_average_snapshot20260905T0740Z\final_validation.json
32587,prior_R256,historical_multihost,see prior R256 audit,pass,D:\OneDrive\文档\AutoDL\generated\dwso_300k_narma10_f7p3_completed_R434_state_average_snapshot20260905T0740Z\final_validation.json
32588,prior_R256,historical_multihost,see prior R256 audit,pass,D:\OneDrive\文档\AutoDL\generated\dwso_300k_narma10_f7p3_completed_R434_state_average_snapshot20260905T0740Z\final_validation.json
32589,prior_R256,historical_multihost,see prior R256 audit,pass,D:\OneDrive\文档\AutoDL\generated\dwso_300k_narma10_f7p3_completed_R434_state_average_snapshot20260905T0740Z\final_validation.json
32590,prior_R256,historical_multihost,see prior R256 audit,pass,D:\OneDrive\文档\AutoDL\generated\dwso_300k_narma10_f7p3_completed_R434_state_average_snapshot20260905T0740Z\final_validation.json
32591,prior_R256,historical_multihost,see prior R256 audit,pass,D:\OneDrive\文档\AutoDL\generated\dwso_300k_narma10_f7p3_completed_R434_state_average_snapshot20260905T0740Z\final_validation.json
32592,prior_R256,historical_multihost,see prior R256 audit,pass,D:\OneDrive\文档\AutoDL\generated\dwso_300k_narma10_f7p3_completed_R434_state_average_snapshot20260905T0740Z\final_validation.json
32593,prior_R256,historical_multihost,see prior R256 audit,pass,D:\OneDrive\文档\AutoDL\generated\dwso_300k_narma10_f7p3_completed_R434_state_average_snapshot20260905T0740Z\final_validation.json
32594,prior_R256,historical_multihost,see prior R256 audit,pass,D:\OneDrive\文档\AutoDL\generated\dwso_300k_narma10_f7p3_completed_R434_state_average_snapshot20260905T0740Z\final_validation.json
32595,prior_R256,historical_multihost,see prior R256 audit,pass,D:\OneDrive\文档\AutoDL\generated\dwso_300k_narma10_f7p3_completed_R434_state_average_snapshot20260905T0740Z\final_validation.json
32596,prior_R256,historical_multihost,see prior R256 audit,pass,D:\OneDrive\文档\AutoDL\generated\dwso_300k_narma10_f7p3_completed_R434_state_average_snapshot20260905T0740Z\final_validation.json
32597,prior_R256,historical_multihost,see prior R256 audit,pass,D:\OneDrive\文档\AutoDL\generated\dwso_300k_narma10_f7p3_completed_R434_state_average_snapshot20260905T0740Z\final_validation.json
32598,prior_R256,historical_multihost,see prior R256 audit,pass,D:\OneDrive\文档\AutoDL\generated\dwso_300k_narma10_f7p3_completed_R434_state_average_snapshot20260905T0740Z\final_validation.json
32599,prior_R256,historical_multihost,see prior R256 audit,pass,D:\OneDrive\文档\AutoDL\generated\dwso_300k_narma10_f7p3_completed_R434_state_average_snapshot20260905T0740Z\final_validation.json
32600,prior_R256,historical_multihost,see prior R256 audit,pass,D:\OneDrive\文档\AutoDL\generated\dwso_300k_narma10_f7p3_completed_R434_state_average_snapshot20260905T0740Z\final_validation.json
32601,new_batch_R256,7920/ws1,7920/ws1,pass,D:\OneDrive\文档\AutoDL\generated\dwso_300k_narma10_f7p3_completed_R434_state_average_snapshot20260905T0740Z\qa\qa_ws1_main_manifest.csv
32602,new_batch_R256,7920/ws1,7920/ws1,pass,D:\OneDrive\文档\AutoDL\generated\dwso_300k_narma10_f7p3_completed_R434_state_average_snapshot20260905T0740Z\qa\qa_ws1_main_manifest.csv
32603,new_batch_R256,7920/ws1,7920/ws1,pass,D:\OneDrive\文档\AutoDL\generated\dwso_300k_narma10_f7p3_completed_R434_state_average_snapshot20260905T0740Z\qa\qa_ws1_main_manifest.csv
32604,new_batch_R256,7920/ws1,7920/ws1,pass,D:\OneDrive\文档\AutoDL\generated\dwso_300k_narma10_f7p3_completed_R434_state_average_snapshot20260905T0740Z\qa\qa_ws1_main_manifest.csv
32605,new_batch_R256,7920/ws1,7920/ws1,pass,D:\OneDrive\文档\AutoDL\generated\dwso_300k_narma10_f7p3_completed_R434_state_average_snapshot20260905T0740Z\qa\qa_ws1_main_manifest.csv
32606,new_batch_R256,7920/ws1,7920/ws1,pass,D:\OneDrive\文档\AutoDL\generated\dwso_300k_narma10_f7p3_completed_R434_state_average_snapshot20260905T0740Z\qa\qa_ws1_main_manifest.csv
32607,new_batch_R256,7920/ws1,7920/ws1,pass,D:\OneDrive\文档\AutoDL\generated\dwso_300k_narma10_f7p3_completed_R434_state_average_snapshot20260905T0740Z\qa\qa_ws1_main_manifest.csv
32608,new_batch_R256,7920/ws1,7920/ws1,pass,D:\OneDrive\文档\AutoDL\generated\dwso_300k_narma10_f7p3_completed_R434_state_average_snapshot20260905T0740Z\qa\qa_ws1_main_manifest.csv
32609,new_batch_R256,7920/ws1,7920/ws1,pass,D:\OneDrive\文档\AutoDL\generated\dwso_300k_narma10_f7p3_completed_R434_state_average_snapshot20260905T0740Z\qa\qa_ws1_main_manifest.csv
32610,new_batch_R256,7920/ws1,7920/ws1,pass,D:\OneDrive\文档\AutoDL\generated\dwso_300k_narma10_f7p3_completed_R434_state_average_snapshot20260905T0740Z\qa\qa_ws1_main_manifest.csv
32611,new_batch_R256,7920/ws1,7920/ws1,pass,D:\OneDrive\文档\AutoDL\generated\dwso_300k_narma10_f7p3_completed_R434_state_average_snapshot20260905T0740Z\qa\qa_ws1_main_manifest.csv
32612,new_batch_R256,7920/ws1,7920/ws1,pass,D:\OneDrive\文档\AutoDL\generated\dwso_300k_narma10_f7p3_completed_R434_state_average_snapshot20260905T0740Z\qa\qa_ws1_main_manifest.csv
32613,new_batch_R256,7920/ws1,7920/ws1,pass,D:\OneDrive\文档\AutoDL\generated\dwso_300k_narma10_f7p3_completed_R434_state_average_snapshot20260905T0740Z\qa\qa_ws1_main_manifest.csv
32614,new_batch_R256,7920/ws1,7920/ws1,pass,D:\OneDrive\文档\AutoDL\generated\dwso_300k_narma10_f7p3_completed_R434_state_average_snapshot20260905T0740Z\qa\qa_ws1_main_manifest.csv
32615,new_batch_R256,7920/ws1,7920/ws1,pass,D:\OneDrive\文档\AutoDL\generated\dwso_300k_narma10_f7p3_completed_R434_state_average_snapshot20260905T0740Z\qa\qa_ws1_main_manifest.csv
32616,new_batch_R256,7920/ws1,7920/ws1,pass,D:\OneDrive\文档\AutoDL\generated\dwso_300k_narma10_f7p3_completed_R434_state_average_snapshot20260905T0740Z\qa\qa_ws1_main_manifest.csv
32617,new_batch_R256,7920/ws1,7920/ws1,pass,D:\OneDrive\文档\AutoDL\generated\dwso_300k_narma10_f7p3_completed_R434_state_average_snapshot20260905T0740Z\qa\qa_ws1_main_manifest.csv
32618,new_batch_R256,7920/ws1,7920/ws1,pass,D:\OneDrive\文档\AutoDL\generated\dwso_300k_narma10_f7p3_completed_R434_state_average_snapshot20260905T0740Z\qa\qa_ws1_main_manifest.csv
32619,new_batch_R256,7920/ws1,7920/ws1,pass,D:\OneDrive\文档\AutoDL\generated\dwso_300k_narma10_f7p3_completed_R434_state_average_snapshot20260905T0740Z\qa\qa_ws1_main_manifest.csv
32620,new_batch_R256,7920/ws1,7920/ws1,pass,D:\OneDrive\文档\AutoDL\generated\dwso_300k_narma10_f7p3_completed_R434_state_average_snapshot20260905T0740Z\qa\qa_ws1_main_manifest.csv
32621,new_batch_R256,7920/ws1,7920/ws1,pass,D:\OneDrive\文档\AutoDL\generated\dwso_300k_narma10_f7p3_completed_R434_state_average_snapshot20260905T0740Z\qa\qa_ws1_main_manifest.csv
32622,new_batch_R256,7920/ws1,7920/ws1,pass,D:\OneDrive\文档\AutoDL\generated\dwso_300k_narma10_f7p3_completed_R434_state_average_snapshot20260905T0740Z\qa\qa_ws1_main_manifest.csv
32623,new_batch_R256,7920/ws1,7920/ws1,pass,D:\OneDrive\文档\AutoDL\generated\dwso_300k_narma10_f7p3_completed_R434_state_average_snapshot20260905T0740Z\qa\qa_ws1_main_manifest.csv
32624,new_batch_R256,7920/ws1,7920/ws1,pass,D:\OneDrive\文档\AutoDL\generated\dwso_300k_narma10_f7p3_completed_R434_state_average_snapshot20260905T0740Z\qa\qa_ws1_main_manifest.csv
32625,new_batch_R256,7920/ws1,7920/ws1,pass,D:\OneDrive\文档\AutoDL\generated\dwso_300k_narma10_f7p3_completed_R434_state_average_snapshot20260905T0740Z\qa\qa_ws1_main_manifest.csv
32626,new_batch_R256,7920/ws1,7920/ws1,pass,D:\OneDrive\文档\AutoDL\generated\dwso_300k_narma10_f7p3_completed_R434_state_average_snapshot20260905T0740Z\qa\qa_ws1_main_manifest.csv
32627,new_batch_R256,7920/ws1,7920/ws1,pass,D:\OneDrive\文档\AutoDL\generated\dwso_300k_narma10_f7p3_completed_R434_state_average_snapshot20260905T0740Z\qa\qa_ws1_main_manifest.csv
32628,new_batch_R256,7920/ws1,7920/ws1,pass,D:\OneDrive\文档\AutoDL\generated\dwso_300k_narma10_f7p3_completed_R434_state_average_snapshot20260905T0740Z\qa\qa_ws1_main_manifest.csv
32629,new_batch_R256,7920/ws1,7920/ws1,pass,D:\OneDrive\文档\AutoDL\generated\dwso_300k_narma10_f7p3_completed_R434_state_average_snapshot20260905T0740Z\qa\qa_ws1_main_manifest.csv
32630,new_batch_R256,7920/ws1,7920/ws1,pass,D:\OneDrive\文档\AutoDL\generated\dwso_300k_narma10_f7p3_completed_R434_state_average_snapshot20260905T0740Z\qa\qa_ws1_main_manifest.csv
32631,new_batch_R256,7920/ws1,7920/ws1,pass,D:\OneDrive\文档\AutoDL\generated\dwso_300k_narma10_f7p3_completed_R434_state_average_snapshot20260905T0740Z\qa\qa_ws1_main_manifest.csv
32632,new_batch_R256,7920/ws1,7920/ws1,pass,D:\OneDrive\文档\AutoDL\generated\dwso_300k_narma10_f7p3_completed_R434_state_average_snapshot20260905T0740Z\qa\qa_ws1_main_manifest.csv
32633,new_batch_R256,7920/ws1,7920/ws1,pass,D:\OneDrive\文档\AutoDL\generated\dwso_300k_narma10_f7p3_completed_R434_state_average_snapshot20260905T0740Z\qa\qa_ws1_main_manifest.csv
32634,new_batch_R256,7920/ws1,7920/ws1,pass,D:\OneDrive\文档\AutoDL\generated\dwso_300k_narma10_f7p3_completed_R434_state_average_snapshot20260905T0740Z\qa\qa_ws1_main_manifest.csv
32635,new_batch_R256,7920/ws1,7920/ws1,pass,D:\OneDrive\文档\AutoDL\generated\dwso_300k_narma10_f7p3_completed_R434_state_average_snapshot20260905T0740Z\qa\qa_ws1_main_manifest.csv
32636,new_batch_R256,7920/ws1,7920/ws1,pass,D:\OneDrive\文档\AutoDL\generated\dwso_300k_narma10_f7p3_completed_R434_state_average_snapshot20260905T0740Z\qa\qa_ws1_main_manifest.csv
32637,new_batch_R256,7920/ws1,7920/ws1,pass,D:\OneDrive\文档\AutoDL\generated\dwso_300k_narma10_f7p3_completed_R434_state_average_snapshot20260905T0740Z\qa\qa_ws1_main_manifest.csv
32638,new_batch_R256,7920/ws1,7920/ws1,pass,D:\OneDrive\文档\AutoDL\generated\dwso_300k_narma10_f7p3_completed_R434_state_average_snapshot20260905T0740Z\qa\qa_ws1_main_manifest.csv
32639,new_batch_R256,7920/ws1,7920/ws1,pass,D:\OneDrive\文档\AutoDL\generated\dwso_300k_narma10_f7p3_completed_R434_state_average_snapshot20260905T0740Z\qa\qa_ws1_main_manifest.csv
32640,new_batch_R256,7920/ws1,7920/ws1,pass,D:\OneDrive\文档\AutoDL\generated\dwso_300k_narma10_f7p3_completed_R434_state_average_snapshot20260905T0740Z\qa\qa_ws1_main_manifest.csv
32641,new_batch_R256,7920/ws1,7920/ws1,pass,D:\OneDrive\文档\AutoDL\generated\dwso_300k_narma10_f7p3_completed_R434_state_average_snapshot20260905T0740Z\qa\qa_ws1_main_manifest.csv
32642,new_batch_R256,7920/ws1,7920/ws1,pass,D:\OneDrive\文档\AutoDL\generated\dwso_300k_narma10_f7p3_completed_R434_state_average_snapshot20260905T0740Z\qa\qa_ws1_main_manifest.csv
32643,new_batch_R256,7920/ws1,7920/ws1,pass,D:\OneDrive\文档\AutoDL\generated\dwso_300k_narma10_f7p3_completed_R434_state_average_snapshot20260905T0740Z\qa\qa_ws1_main_manifest.csv
32644,new_batch_R256,7920/ws1,7920/ws1,pass,D:\OneDrive\文档\AutoDL\generated\dwso_300k_narma10_f7p3_completed_R434_state_average_snapshot20260905T0740Z\qa\qa_ws1_main_manifest.csv
32645,new_batch_R256,7920/ws1,7920/ws1,pass,D:\OneDrive\文档\AutoDL\generated\dwso_300k_narma10_f7p3_completed_R434_state_average_snapshot20260905T0740Z\qa\qa_ws1_main_manifest.csv
32646,new_batch_R256,7920/ws1,7920/ws1,pass,D:\OneDrive\文档\AutoDL\generated\dwso_300k_narma10_f7p3_completed_R434_state_average_snapshot20260905T0740Z\qa\qa_ws1_main_manifest.csv
32647,new_batch_R256,7920/ws1,7920/ws1,pass,D:\OneDrive\文档\AutoDL\generated\dwso_300k_narma10_f7p3_completed_R434_state_average_snapshot20260905T0740Z\qa\qa_ws1_main_manifest.csv
32648,new_batch_R256,7920/ws1,7920/ws1,pass,D:\OneDrive\文档\AutoDL\generated\dwso_300k_narma10_f7p3_completed_R434_state_average_snapshot20260905T0740Z\qa\qa_ws1_main_manifest.csv
32649,new_batch_R256,7920/ws1,7920/ws1,pass,D:\OneDrive\文档\AutoDL\generated\dwso_300k_narma10_f7p3_batch256_final_QA_20260905T1426Z\qa_ws1_resume16\strict_qa_manifest.csv
32650,new_batch_R256,7920/ws1,7920/ws1,pass,D:\OneDrive\文档\AutoDL\generated\dwso_300k_narma10_f7p3_batch256_final_QA_20260905T1426Z\qa_ws1_resume16\strict_qa_manifest.csv
32651,new_batch_R256,7920/ws1,7920/ws1,pass,D:\OneDrive\文档\AutoDL\generated\dwso_300k_narma10_f7p3_batch256_final_QA_20260905T1426Z\qa_ws1_resume16\strict_qa_manifest.csv
32652,new_batch_R256,7920/ws1,7920/ws1,pass,D:\OneDrive\文档\AutoDL\generated\dwso_300k_narma10_f7p3_batch256_final_QA_20260905T1426Z\qa_ws1_resume16\strict_qa_manifest.csv
32653,new_batch_R256,7920/ws1,7920/ws1,pass,D:\OneDrive\文档\AutoDL\generated\dwso_300k_narma10_f7p3_batch256_final_QA_20260905T1426Z\qa_ws1_resume16\strict_qa_manifest.csv
32654,new_batch_R256,7920/ws1,7920/ws1,pass,D:\OneDrive\文档\AutoDL\generated\dwso_300k_narma10_f7p3_batch256_final_QA_20260905T1426Z\qa_ws1_resume16\strict_qa_manifest.csv
32655,new_batch_R256,7920/ws1,7920/ws1,pass,D:\OneDrive\文档\AutoDL\generated\dwso_300k_narma10_f7p3_batch256_final_QA_20260905T1426Z\qa_ws1_resume16\strict_qa_manifest.csv
32656,new_batch_R256,7920/ws1,7920/ws1,pass,D:\OneDrive\文档\AutoDL\generated\dwso_300k_narma10_f7p3_batch256_final_QA_20260905T1426Z\qa_ws1_resume16\strict_qa_manifest.csv
32657,new_batch_R256,7920/ws1,7920/ws1,pass,D:\OneDrive\文档\AutoDL\generated\dwso_300k_narma10_f7p3_batch256_final_QA_20260905T1426Z\qa_ws1_resume16\strict_qa_manifest.csv
32658,new_batch_R256,7920/ws1,7920/ws1,pass,D:\OneDrive\文档\AutoDL\generated\dwso_300k_narma10_f7p3_batch256_final_QA_20260905T1426Z\qa_ws1_resume16\strict_qa_manifest.csv
32659,new_batch_R256,7920/ws1,7920/ws1,pass,D:\OneDrive\文档\AutoDL\generated\dwso_300k_narma10_f7p3_batch256_final_QA_20260905T1426Z\qa_ws1_resume16\strict_qa_manifest.csv
32660,new_batch_R256,7920/ws1,7920/ws1,pass,D:\OneDrive\文档\AutoDL\generated\dwso_300k_narma10_f7p3_batch256_final_QA_20260905T1426Z\qa_ws1_resume16\strict_qa_manifest.csv
32661,new_batch_R256,7920/ws1,7920/ws1,pass,D:\OneDrive\文档\AutoDL\generated\dwso_300k_narma10_f7p3_batch256_final_QA_20260905T1426Z\qa_ws1_resume16\strict_qa_manifest.csv
32662,new_batch_R256,7920/ws1,7920/ws1,pass,D:\OneDrive\文档\AutoDL\generated\dwso_300k_narma10_f7p3_batch256_final_QA_20260905T1426Z\qa_ws1_resume16\strict_qa_manifest.csv
32663,new_batch_R256,7920/ws1,7920/ws1,pass,D:\OneDrive\文档\AutoDL\generated\dwso_300k_narma10_f7p3_batch256_final_QA_20260905T1426Z\qa_ws1_resume16\strict_qa_manifest.csv
32664,new_batch_R256,7920/ws1,7920/ws1,pass,D:\OneDrive\文档\AutoDL\generated\dwso_300k_narma10_f7p3_batch256_final_QA_20260905T1426Z\qa_ws1_resume16\strict_qa_manifest.csv
32665,new_batch_R256,5820/ws2,7920/ws1,pass,D:\OneDrive\文档\AutoDL\generated\dwso_300k_narma10_f7p3_completed_R434_state_average_snapshot20260905T0740Z\qa\qa_ws2_transfer_manifest.csv
32666,new_batch_R256,5820/ws2,7920/ws1,pass,D:\OneDrive\文档\AutoDL\generated\dwso_300k_narma10_f7p3_completed_R434_state_average_snapshot20260905T0740Z\qa\qa_ws2_transfer_manifest.csv
32667,new_batch_R256,5820/ws2,7920/ws1,pass,D:\OneDrive\文档\AutoDL\generated\dwso_300k_narma10_f7p3_completed_R434_state_average_snapshot20260905T0740Z\qa\qa_ws2_transfer_manifest.csv
32668,new_batch_R256,5820/ws2,7920/ws1,pass,D:\OneDrive\文档\AutoDL\generated\dwso_300k_narma10_f7p3_completed_R434_state_average_snapshot20260905T0740Z\qa\qa_ws2_transfer_manifest.csv
32669,new_batch_R256,5820/ws2,7920/ws1,pass,D:\OneDrive\文档\AutoDL\generated\dwso_300k_narma10_f7p3_completed_R434_state_average_snapshot20260905T0740Z\qa\qa_ws2_transfer_manifest.csv
32670,new_batch_R256,5820/ws2,7920/ws1,pass,D:\OneDrive\文档\AutoDL\generated\dwso_300k_narma10_f7p3_completed_R434_state_average_snapshot20260905T0740Z\qa\qa_ws2_transfer_manifest.csv
32671,new_batch_R256,5820/ws2,7920/ws1,pass,D:\OneDrive\文档\AutoDL\generated\dwso_300k_narma10_f7p3_completed_R434_state_average_snapshot20260905T0740Z\qa\qa_ws2_transfer_manifest.csv
32672,new_batch_R256,5820/ws2,7920/ws1,pass,D:\OneDrive\文档\AutoDL\generated\dwso_300k_narma10_f7p3_completed_R434_state_average_snapshot20260905T0740Z\qa\qa_ws2_transfer_manifest.csv
32673,new_batch_R256,5820/ws2,7920/ws1,pass,D:\OneDrive\文档\AutoDL\generated\dwso_300k_narma10_f7p3_completed_R434_state_average_snapshot20260905T0740Z\qa\qa_ws2_transfer_manifest.csv
32674,new_batch_R256,5820/ws2,7920/ws1,pass,D:\OneDrive\文档\AutoDL\generated\dwso_300k_narma10_f7p3_completed_R434_state_average_snapshot20260905T0740Z\qa\qa_ws2_transfer_manifest.csv
32675,new_batch_R256,5820/ws2,7920/ws1,pass,D:\OneDrive\文档\AutoDL\generated\dwso_300k_narma10_f7p3_completed_R434_state_average_snapshot20260905T0740Z\qa\qa_ws2_transfer_manifest.csv
32676,new_batch_R256,5820/ws2,7920/ws1,pass,D:\OneDrive\文档\AutoDL\generated\dwso_300k_narma10_f7p3_completed_R434_state_average_snapshot20260905T0740Z\qa\qa_ws2_transfer_manifest.csv
32677,new_batch_R256,5820/ws2,7920/ws1,pass,D:\OneDrive\文档\AutoDL\generated\dwso_300k_narma10_f7p3_completed_R434_state_average_snapshot20260905T0740Z\qa\qa_ws2_transfer_manifest.csv
32678,new_batch_R256,5820/ws2,7920/ws1,pass,D:\OneDrive\文档\AutoDL\generated\dwso_300k_narma10_f7p3_completed_R434_state_average_snapshot20260905T0740Z\qa\qa_ws2_transfer_manifest.csv
32679,new_batch_R256,5820/ws2,5820/ws2,pass,D:\OneDrive\文档\AutoDL\generated\dwso_300k_narma10_f7p3_batch256_final_QA_20260905T1426Z\qa_ws2_resume2\strict_qa_manifest.csv
32680,new_batch_R256,5820/ws2,5820/ws2,pass,D:\OneDrive\文档\AutoDL\generated\dwso_300k_narma10_f7p3_batch256_final_QA_20260905T1426Z\qa_ws2_resume2\strict_qa_manifest.csv
32681,new_batch_R256,Lenovo/ws3,Lenovo/ws3,pass,D:\OneDrive\文档\AutoDL\generated\dwso_300k_narma10_f7p3_completed_R434_state_average_snapshot20260905T0740Z\qa\qa_ws3_manifest.csv
32682,new_batch_R256,Lenovo/ws3,Lenovo/ws3,pass,D:\OneDrive\文档\AutoDL\generated\dwso_300k_narma10_f7p3_completed_R434_state_average_snapshot20260905T0740Z\qa\qa_ws3_manifest.csv
32683,new_batch_R256,Lenovo/ws3,Lenovo/ws3,pass,D:\OneDrive\文档\AutoDL\generated\dwso_300k_narma10_f7p3_completed_R434_state_average_snapshot20260905T0740Z\qa\qa_ws3_manifest.csv
32684,new_batch_R256,Lenovo/ws3,Lenovo/ws3,pass,D:\OneDrive\文档\AutoDL\generated\dwso_300k_narma10_f7p3_completed_R434_state_average_snapshot20260905T0740Z\qa\qa_ws3_manifest.csv
32685,new_batch_R256,Lenovo/ws3,Lenovo/ws3,pass,D:\OneDrive\文档\AutoDL\generated\dwso_300k_narma10_f7p3_completed_R434_state_average_snapshot20260905T0740Z\qa\qa_ws3_manifest.csv
32686,new_batch_R256,Lenovo/ws3,Lenovo/ws3,pass,D:\OneDrive\文档\AutoDL\generated\dwso_300k_narma10_f7p3_completed_R434_state_average_snapshot20260905T0740Z\qa\qa_ws3_manifest.csv
32687,new_batch_R256,Lenovo/ws3,Lenovo/ws3,pass,D:\OneDrive\文档\AutoDL\generated\dwso_300k_narma10_f7p3_completed_R434_state_average_snapshot20260905T0740Z\qa\qa_ws3_manifest.csv
32688,new_batch_R256,Lenovo/ws3,Lenovo/ws3,pass,D:\OneDrive\文档\AutoDL\generated\dwso_300k_narma10_f7p3_completed_R434_state_average_snapshot20260905T0740Z\qa\qa_ws3_manifest.csv
32689,new_batch_R256,Lenovo/ws3,Lenovo/ws3,pass,D:\OneDrive\文档\AutoDL\generated\dwso_300k_narma10_f7p3_completed_R434_state_average_snapshot20260905T0740Z\qa\qa_ws3_manifest.csv
32690,new_batch_R256,Lenovo/ws3,Lenovo/ws3,pass,D:\OneDrive\文档\AutoDL\generated\dwso_300k_narma10_f7p3_completed_R434_state_average_snapshot20260905T0740Z\qa\qa_ws3_manifest.csv
32691,new_batch_R256,Lenovo/ws3,Lenovo/ws3,pass,D:\OneDrive\文档\AutoDL\generated\dwso_300k_narma10_f7p3_completed_R434_state_average_snapshot20260905T0740Z\qa\qa_ws3_manifest.csv
32692,new_batch_R256,Lenovo/ws3,Lenovo/ws3,pass,D:\OneDrive\文档\AutoDL\generated\dwso_300k_narma10_f7p3_completed_R434_state_average_snapshot20260905T0740Z\qa\qa_ws3_manifest.csv
32693,new_batch_R256,Lenovo/ws3,Lenovo/ws3,pass,D:\OneDrive\文档\AutoDL\generated\dwso_300k_narma10_f7p3_completed_R434_state_average_snapshot20260905T0740Z\qa\qa_ws3_manifest.csv
32694,new_batch_R256,Lenovo/ws3,Lenovo/ws3,pass,D:\OneDrive\文档\AutoDL\generated\dwso_300k_narma10_f7p3_completed_R434_state_average_snapshot20260905T0740Z\qa\qa_ws3_manifest.csv
32695,new_batch_R256,Lenovo/ws3,Lenovo/ws3,pass,D:\OneDrive\文档\AutoDL\generated\dwso_300k_narma10_f7p3_completed_R434_state_average_snapshot20260905T0740Z\qa\qa_ws3_manifest.csv
32696,new_batch_R256,Lenovo/ws3,Lenovo/ws3,pass,D:\OneDrive\文档\AutoDL\generated\dwso_300k_narma10_f7p3_completed_R434_state_average_snapshot20260905T0740Z\qa\qa_ws3_manifest.csv
32697,new_batch_R256,Lenovo/ws3,Lenovo/ws3,pass,D:\OneDrive\文档\AutoDL\generated\dwso_300k_narma10_f7p3_completed_R434_state_average_snapshot20260905T0740Z\qa\qa_ws3_manifest.csv
32698,new_batch_R256,Lenovo/ws3,Lenovo/ws3,pass,D:\OneDrive\文档\AutoDL\generated\dwso_300k_narma10_f7p3_completed_R434_state_average_snapshot20260905T0740Z\qa\qa_ws3_manifest.csv
32699,new_batch_R256,Lenovo/ws3,Lenovo/ws3,pass,D:\OneDrive\文档\AutoDL\generated\dwso_300k_narma10_f7p3_completed_R434_state_average_snapshot20260905T0740Z\qa\qa_ws3_manifest.csv
32700,new_batch_R256,Lenovo/ws3,Lenovo/ws3,pass,D:\OneDrive\文档\AutoDL\generated\dwso_300k_narma10_f7p3_completed_R434_state_average_snapshot20260905T0740Z\qa\qa_ws3_manifest.csv
32701,new_batch_R256,Lenovo/ws3,Lenovo/ws3,pass,D:\OneDrive\文档\AutoDL\generated\dwso_300k_narma10_f7p3_completed_R434_state_average_snapshot20260905T0740Z\qa\qa_ws3_manifest.csv
32702,new_batch_R256,Lenovo/ws3,Lenovo/ws3,pass,D:\OneDrive\文档\AutoDL\generated\dwso_300k_narma10_f7p3_completed_R434_state_average_snapshot20260905T0740Z\qa\qa_ws3_manifest.csv
32703,new_batch_R256,Lenovo/ws3,Lenovo/ws3,pass,D:\OneDrive\文档\AutoDL\generated\dwso_300k_narma10_f7p3_completed_R434_state_average_snapshot20260905T0740Z\qa\qa_ws3_manifest.csv
32704,new_batch_R256,Lenovo/ws3,Lenovo/ws3,pass,D:\OneDrive\文档\AutoDL\generated\dwso_300k_narma10_f7p3_completed_R434_state_average_snapshot20260905T0740Z\qa\qa_ws3_manifest.csv
32705,new_batch_R256,Lenovo/ws3,Lenovo/ws3,pass,D:\OneDrive\文档\AutoDL\generated\dwso_300k_narma10_f7p3_completed_R434_state_average_snapshot20260905T0740Z\qa\qa_ws3_manifest.csv
32706,new_batch_R256,Lenovo/ws3,Lenovo/ws3,pass,D:\OneDrive\文档\AutoDL\generated\dwso_300k_narma10_f7p3_completed_R434_state_average_snapshot20260905T0740Z\qa\qa_ws3_manifest.csv
32707,new_batch_R256,Lenovo/ws3,Lenovo/ws3,pass,D:\OneDrive\文档\AutoDL\generated\dwso_300k_narma10_f7p3_completed_R434_state_average_snapshot20260905T0740Z\qa\qa_ws3_manifest.csv
32708,new_batch_R256,Lenovo/ws3,Lenovo/ws3,pass,D:\OneDrive\文档\AutoDL\generated\dwso_300k_narma10_f7p3_completed_R434_state_average_snapshot20260905T0740Z\qa\qa_ws3_manifest.csv
32709,new_batch_R256,Lenovo/ws3,Lenovo/ws3,pass,D:\OneDrive\文档\AutoDL\generated\dwso_300k_narma10_f7p3_completed_R434_state_average_snapshot20260905T0740Z\qa\qa_ws3_manifest.csv
32710,new_batch_R256,Lenovo/ws3,Lenovo/ws3,pass,D:\OneDrive\文档\AutoDL\generated\dwso_300k_narma10_f7p3_completed_R434_state_average_snapshot20260905T0740Z\qa\qa_ws3_manifest.csv
32711,new_batch_R256,Lenovo/ws3,Lenovo/ws3,pass,D:\OneDrive\文档\AutoDL\generated\dwso_300k_narma10_f7p3_completed_R434_state_average_snapshot20260905T0740Z\qa\qa_ws3_manifest.csv
32712,new_batch_R256,Lenovo/ws3,Lenovo/ws3,pass,D:\OneDrive\文档\AutoDL\generated\dwso_300k_narma10_f7p3_completed_R434_state_average_snapshot20260905T0740Z\qa\qa_ws3_manifest.csv
32713,new_batch_R256,Lenovo/ws3,Lenovo/ws3,pass,D:\OneDrive\文档\AutoDL\generated\dwso_300k_narma10_f7p3_completed_R434_state_average_snapshot20260905T0740Z\qa\qa_ws3_manifest.csv
32714,new_batch_R256,Lenovo/ws3,Lenovo/ws3,pass,D:\OneDrive\文档\AutoDL\generated\dwso_300k_narma10_f7p3_completed_R434_state_average_snapshot20260905T0740Z\qa\qa_ws3_manifest.csv
32715,new_batch_R256,Lenovo/ws3,Lenovo/ws3,pass,D:\OneDrive\文档\AutoDL\generated\dwso_300k_narma10_f7p3_completed_R434_state_average_snapshot20260905T0740Z\qa\qa_ws3_manifest.csv
32716,new_batch_R256,Lenovo/ws3,Lenovo/ws3,pass,D:\OneDrive\文档\AutoDL\generated\dwso_300k_narma10_f7p3_completed_R434_state_average_snapshot20260905T0740Z\qa\qa_ws3_manifest.csv
32717,new_batch_R256,Lenovo/ws3,Lenovo/ws3,pass,D:\OneDrive\文档\AutoDL\generated\dwso_300k_narma10_f7p3_completed_R434_state_average_snapshot20260905T0740Z\qa\qa_ws3_manifest.csv
32718,new_batch_R256,Lenovo/ws3,Lenovo/ws3,pass,D:\OneDrive\文档\AutoDL\generated\dwso_300k_narma10_f7p3_completed_R434_state_average_snapshot20260905T0740Z\qa\qa_ws3_manifest.csv
32719,new_batch_R256,Lenovo/ws3,Lenovo/ws3,pass,D:\OneDrive\文档\AutoDL\generated\dwso_300k_narma10_f7p3_completed_R434_state_average_snapshot20260905T0740Z\qa\qa_ws3_manifest.csv
32720,new_batch_R256,Lenovo/ws3,Lenovo/ws3,pass,D:\OneDrive\文档\AutoDL\generated\dwso_300k_narma10_f7p3_completed_R434_state_average_snapshot20260905T0740Z\qa\qa_ws3_manifest.csv
32721,new_batch_R256,Lenovo/ws3,Lenovo/ws3,pass,D:\OneDrive\文档\AutoDL\generated\dwso_300k_narma10_f7p3_completed_R434_state_average_snapshot20260905T0740Z\qa\qa_ws3_manifest.csv
32722,new_batch_R256,Lenovo/ws3,Lenovo/ws3,pass,D:\OneDrive\文档\AutoDL\generated\dwso_300k_narma10_f7p3_completed_R434_state_average_snapshot20260905T0740Z\qa\qa_ws3_manifest.csv
32723,new_batch_R256,Lenovo/ws3,Lenovo/ws3,pass,D:\OneDrive\文档\AutoDL\generated\dwso_300k_narma10_f7p3_completed_R434_state_average_snapshot20260905T0740Z\qa\qa_ws3_manifest.csv
32724,new_batch_R256,Lenovo/ws3,Lenovo/ws3,pass,D:\OneDrive\文档\AutoDL\generated\dwso_300k_narma10_f7p3_completed_R434_state_average_snapshot20260905T0740Z\qa\qa_ws3_manifest.csv
32725,new_batch_R256,Lenovo/ws3,Lenovo/ws3,pass,D:\OneDrive\文档\AutoDL\generated\dwso_300k_narma10_f7p3_completed_R434_state_average_snapshot20260905T0740Z\qa\qa_ws3_manifest.csv
32726,new_batch_R256,Lenovo/ws3,Lenovo/ws3,pass,D:\OneDrive\文档\AutoDL\generated\dwso_300k_narma10_f7p3_completed_R434_state_average_snapshot20260905T0740Z\qa\qa_ws3_manifest.csv
32727,new_batch_R256,Lenovo/ws3,Lenovo/ws3,pass,D:\OneDrive\文档\AutoDL\generated\dwso_300k_narma10_f7p3_completed_R434_state_average_snapshot20260905T0740Z\qa\qa_ws3_manifest.csv
32728,new_batch_R256,Lenovo/ws3,Lenovo/ws3,pass,D:\OneDrive\文档\AutoDL\generated\dwso_300k_narma10_f7p3_completed_R434_state_average_snapshot20260905T0740Z\qa\qa_ws3_manifest.csv
32729,new_batch_R256,Lenovo/ws3,Lenovo/ws3,pass,D:\OneDrive\文档\AutoDL\generated\dwso_300k_narma10_f7p3_completed_R434_state_average_snapshot20260905T0740Z\qa\qa_ws3_manifest.csv
32730,new_batch_R256,Lenovo/ws3,Lenovo/ws3,pass,D:\OneDrive\文档\AutoDL\generated\dwso_300k_narma10_f7p3_completed_R434_state_average_snapshot20260905T0740Z\qa\qa_ws3_manifest.csv
32731,new_batch_R256,Lenovo/ws3,Lenovo/ws3,pass,D:\OneDrive\文档\AutoDL\generated\dwso_300k_narma10_f7p3_completed_R434_state_average_snapshot20260905T0740Z\qa\qa_ws3_manifest.csv
32732,new_batch_R256,Lenovo/ws3,Lenovo/ws3,pass,D:\OneDrive\文档\AutoDL\generated\dwso_300k_narma10_f7p3_completed_R434_state_average_snapshot20260905T0740Z\qa\qa_ws3_manifest.csv
32733,new_batch_R256,Lenovo/ws3,Lenovo/ws3,pass,D:\OneDrive\文档\AutoDL\generated\dwso_300k_narma10_f7p3_completed_R434_state_average_snapshot20260905T0740Z\qa\qa_ws3_manifest.csv
32734,new_batch_R256,Lenovo/ws3,Lenovo/ws3,pass,D:\OneDrive\文档\AutoDL\generated\dwso_300k_narma10_f7p3_completed_R434_state_average_snapshot20260905T0740Z\qa\qa_ws3_manifest.csv
32735,new_batch_R256,Lenovo/ws3,Lenovo/ws3,pass,D:\OneDrive\文档\AutoDL\generated\dwso_300k_narma10_f7p3_completed_R434_state_average_snapshot20260905T0740Z\qa\qa_ws3_manifest.csv
32736,new_batch_R256,Lenovo/ws3,Lenovo/ws3,pass,D:\OneDrive\文档\AutoDL\generated\dwso_300k_narma10_f7p3_completed_R434_state_average_snapshot20260905T0740Z\qa\qa_ws3_manifest.csv
32737,new_batch_R256,Lenovo/ws3,Lenovo/ws3,pass,D:\OneDrive\文档\AutoDL\generated\dwso_300k_narma10_f7p3_completed_R434_state_average_snapshot20260905T0740Z\qa\qa_ws3_manifest.csv
32738,new_batch_R256,Lenovo/ws3,Lenovo/ws3,pass,D:\OneDrive\文档\AutoDL\generated\dwso_300k_narma10_f7p3_completed_R434_state_average_snapshot20260905T0740Z\qa\qa_ws3_manifest.csv
32739,new_batch_R256,Lenovo/ws3,Lenovo/ws3,pass,D:\OneDrive\文档\AutoDL\generated\dwso_300k_narma10_f7p3_completed_R434_state_average_snapshot20260905T0740Z\qa\qa_ws3_manifest.csv
32740,new_batch_R256,Lenovo/ws3,Lenovo/ws3,pass,D:\OneDrive\文档\AutoDL\generated\dwso_300k_narma10_f7p3_completed_R434_state_average_snapshot20260905T0740Z\qa\qa_ws3_manifest.csv
32741,new_batch_R256,Lenovo/ws3,Lenovo/ws3,pass,D:\OneDrive\文档\AutoDL\generated\dwso_300k_narma10_f7p3_completed_R434_state_average_snapshot20260905T0740Z\qa\qa_ws3_manifest.csv
32742,new_batch_R256,Lenovo/ws3,Lenovo/ws3,pass,D:\OneDrive\文档\AutoDL\generated\dwso_300k_narma10_f7p3_completed_R434_state_average_snapshot20260905T0740Z\qa\qa_ws3_manifest.csv
32743,new_batch_R256,Lenovo/ws3,Lenovo/ws3,pass,D:\OneDrive\文档\AutoDL\generated\dwso_300k_narma10_f7p3_completed_R434_state_average_snapshot20260905T0740Z\qa\qa_ws3_manifest.csv
32744,new_batch_R256,Lenovo/ws3,Lenovo/ws3,pass,D:\OneDrive\文档\AutoDL\generated\dwso_300k_narma10_f7p3_completed_R434_state_average_snapshot20260905T0740Z\qa\qa_ws3_manifest.csv
32745,new_batch_R256,Lenovo/ws3,Lenovo/ws3,pass,D:\OneDrive\文档\AutoDL\generated\dwso_300k_narma10_f7p3_completed_R434_state_average_snapshot20260905T0740Z\qa\qa_ws3_manifest.csv
32746,new_batch_R256,Lenovo/ws3,Lenovo/ws3,pass,D:\OneDrive\文档\AutoDL\generated\dwso_300k_narma10_f7p3_completed_R434_state_average_snapshot20260905T0740Z\qa\qa_ws3_manifest.csv
32747,new_batch_R256,Lenovo/ws3,Lenovo/ws3,pass,D:\OneDrive\文档\AutoDL\generated\dwso_300k_narma10_f7p3_completed_R434_state_average_snapshot20260905T0740Z\qa\qa_ws3_manifest.csv
32748,new_batch_R256,Lenovo/ws3,Lenovo/ws3,pass,D:\OneDrive\文档\AutoDL\generated\dwso_300k_narma10_f7p3_completed_R434_state_average_snapshot20260905T0740Z\qa\qa_ws3_manifest.csv
32749,new_batch_R256,Lenovo/ws3,Lenovo/ws3,pass,D:\OneDrive\文档\AutoDL\generated\dwso_300k_narma10_f7p3_completed_R434_state_average_snapshot20260905T0740Z\qa\qa_ws3_manifest.csv
32750,new_batch_R256,Lenovo/ws3,Lenovo/ws3,pass,D:\OneDrive\文档\AutoDL\generated\dwso_300k_narma10_f7p3_completed_R434_state_average_snapshot20260905T0740Z\qa\qa_ws3_manifest.csv
32751,new_batch_R256,Lenovo/ws3,Lenovo/ws3,pass,D:\OneDrive\文档\AutoDL\generated\dwso_300k_narma10_f7p3_completed_R434_state_average_snapshot20260905T0740Z\qa\qa_ws3_manifest.csv
32752,new_batch_R256,Lenovo/ws3,Lenovo/ws3,pass,D:\OneDrive\文档\AutoDL\generated\dwso_300k_narma10_f7p3_completed_R434_state_average_snapshot20260905T0740Z\qa\qa_ws3_manifest.csv
32753,new_batch_R256,Lenovo/ws3,Lenovo/ws3,pass,D:\OneDrive\文档\AutoDL\generated\dwso_300k_narma10_f7p3_completed_R434_state_average_snapshot20260905T0740Z\qa\qa_ws3_manifest.csv
32754,new_batch_R256,Lenovo/ws3,Lenovo/ws3,pass,D:\OneDrive\文档\AutoDL\generated\dwso_300k_narma10_f7p3_completed_R434_state_average_snapshot20260905T0740Z\qa\qa_ws3_manifest.csv
32755,new_batch_R256,Lenovo/ws3,Lenovo/ws3,pass,D:\OneDrive\文档\AutoDL\generated\dwso_300k_narma10_f7p3_completed_R434_state_average_snapshot20260905T0740Z\qa\qa_ws3_manifest.csv
32756,new_batch_R256,Lenovo/ws3,Lenovo/ws3,pass,D:\OneDrive\文档\AutoDL\generated\dwso_300k_narma10_f7p3_completed_R434_state_average_snapshot20260905T0740Z\qa\qa_ws3_manifest.csv
32757,new_batch_R256,Lenovo/ws3,Lenovo/ws3,pass,D:\OneDrive\文档\AutoDL\generated\dwso_300k_narma10_f7p3_completed_R434_state_average_snapshot20260905T0740Z\qa\qa_ws3_manifest.csv
32758,new_batch_R256,Lenovo/ws3,Lenovo/ws3,pass,D:\OneDrive\文档\AutoDL\generated\dwso_300k_narma10_f7p3_completed_R434_state_average_snapshot20260905T0740Z\qa\qa_ws3_manifest.csv
32759,new_batch_R256,Lenovo/ws3,Lenovo/ws3,pass,D:\OneDrive\文档\AutoDL\generated\dwso_300k_narma10_f7p3_completed_R434_state_average_snapshot20260905T0740Z\qa\qa_ws3_manifest.csv
32760,new_batch_R256,Lenovo/ws3,Lenovo/ws3,pass,D:\OneDrive\文档\AutoDL\generated\dwso_300k_narma10_f7p3_completed_R434_state_average_snapshot20260905T0740Z\qa\qa_ws3_manifest.csv
32761,new_batch_R256,Lenovo/ws3,Lenovo/ws3,pass,D:\OneDrive\文档\AutoDL\generated\dwso_300k_narma10_f7p3_completed_R434_state_average_snapshot20260905T0740Z\qa\qa_ws3_manifest.csv
32762,new_batch_R256,Lenovo/ws3,Lenovo/ws3,pass,D:\OneDrive\文档\AutoDL\generated\dwso_300k_narma10_f7p3_completed_R434_state_average_snapshot20260905T0740Z\qa\qa_ws3_manifest.csv
32763,new_batch_R256,Lenovo/ws3,Lenovo/ws3,pass,D:\OneDrive\文档\AutoDL\generated\dwso_300k_narma10_f7p3_completed_R434_state_average_snapshot20260905T0740Z\qa\qa_ws3_manifest.csv
32764,new_batch_R256,Lenovo/ws3,Lenovo/ws3,pass,D:\OneDrive\文档\AutoDL\generated\dwso_300k_narma10_f7p3_completed_R434_state_average_snapshot20260905T0740Z\qa\qa_ws3_manifest.csv
32765,new_batch_R256,Lenovo/ws3,Lenovo/ws3,pass,D:\OneDrive\文档\AutoDL\generated\dwso_300k_narma10_f7p3_completed_R434_state_average_snapshot20260905T0740Z\qa\qa_ws3_manifest.csv
32766,new_batch_R256,Lenovo/ws3,Lenovo/ws3,pass,D:\OneDrive\文档\AutoDL\generated\dwso_300k_narma10_f7p3_completed_R434_state_average_snapshot20260905T0740Z\qa\qa_ws3_manifest.csv
32767,new_batch_R256,Lenovo/ws3,Lenovo/ws3,pass,D:\OneDrive\文档\AutoDL\generated\dwso_300k_narma10_f7p3_completed_R434_state_average_snapshot20260905T0740Z\qa\qa_ws3_manifest.csv
32768,new_batch_R256,Lenovo/ws3,Lenovo/ws3,pass,D:\OneDrive\文档\AutoDL\generated\dwso_300k_narma10_f7p3_completed_R434_state_average_snapshot20260905T0740Z\qa\qa_ws3_manifest.csv
32769,new_batch_R256,Lenovo/ws3,Lenovo/ws3,pass,D:\OneDrive\文档\AutoDL\generated\dwso_300k_narma10_f7p3_completed_R434_state_average_snapshot20260905T0740Z\qa\qa_ws3_manifest.csv
32770,new_batch_R256,Lenovo/ws3,Lenovo/ws3,pass,D:\OneDrive\文档\AutoDL\generated\dwso_300k_narma10_f7p3_completed_R434_state_average_snapshot20260905T0740Z\qa\qa_ws3_manifest.csv
32771,new_batch_R256,Lenovo/ws3,Lenovo/ws3,pass,D:\OneDrive\文档\AutoDL\generated\dwso_300k_narma10_f7p3_completed_R434_state_average_snapshot20260905T0740Z\qa\qa_ws3_manifest.csv
32772,new_batch_R256,Lenovo/ws3,Lenovo/ws3,pass,D:\OneDrive\文档\AutoDL\generated\dwso_300k_narma10_f7p3_completed_R434_state_average_snapshot20260905T0740Z\qa\qa_ws3_manifest.csv
32773,new_batch_R256,Lenovo/ws3,Lenovo/ws3,pass,D:\OneDrive\文档\AutoDL\generated\dwso_300k_narma10_f7p3_completed_R434_state_average_snapshot20260905T0740Z\qa\qa_ws3_manifest.csv
32774,new_batch_R256,Lenovo/ws3,Lenovo/ws3,pass,D:\OneDrive\文档\AutoDL\generated\dwso_300k_narma10_f7p3_completed_R434_state_average_snapshot20260905T0740Z\qa\qa_ws3_manifest.csv
32775,new_batch_R256,Lenovo/ws3,Lenovo/ws3,pass,D:\OneDrive\文档\AutoDL\generated\dwso_300k_narma10_f7p3_completed_R434_state_average_snapshot20260905T0740Z\qa\qa_ws3_manifest.csv
32776,new_batch_R256,Lenovo/ws3,Lenovo/ws3,pass,D:\OneDrive\文档\AutoDL\generated\dwso_300k_narma10_f7p3_batch256_final_QA_20260905T1426Z\qa_ws3_resume60\strict_qa_manifest.csv
32777,new_batch_R256,Lenovo/ws3,Lenovo/ws3,pass,D:\OneDrive\文档\AutoDL\generated\dwso_300k_narma10_f7p3_completed_R434_state_average_snapshot20260905T0740Z\qa\qa_ws3_manifest.csv
32778,new_batch_R256,Lenovo/ws3,Lenovo/ws3,pass,D:\OneDrive\文档\AutoDL\generated\dwso_300k_narma10_f7p3_completed_R434_state_average_snapshot20260905T0740Z\qa\qa_ws3_manifest.csv
32779,new_batch_R256,Lenovo/ws3,Lenovo/ws3,pass,D:\OneDrive\文档\AutoDL\generated\dwso_300k_narma10_f7p3_completed_R434_state_average_snapshot20260905T0740Z\qa\qa_ws3_manifest.csv
32780,new_batch_R256,Lenovo/ws3,Lenovo/ws3,pass,D:\OneDrive\文档\AutoDL\generated\dwso_300k_narma10_f7p3_completed_R434_state_average_snapshot20260905T0740Z\qa\qa_ws3_manifest.csv
32781,new_batch_R256,Lenovo/ws3,Lenovo/ws3,pass,D:\OneDrive\文档\AutoDL\generated\dwso_300k_narma10_f7p3_batch256_final_QA_20260905T1426Z\qa_ws3_resume60\strict_qa_manifest.csv
32782,new_batch_R256,Lenovo/ws3,Lenovo/ws3,pass,D:\OneDrive\文档\AutoDL\generated\dwso_300k_narma10_f7p3_batch256_final_QA_20260905T1426Z\qa_ws3_resume60\strict_qa_manifest.csv
32783,new_batch_R256,Lenovo/ws3,Lenovo/ws3,pass,D:\OneDrive\文档\AutoDL\generated\dwso_300k_narma10_f7p3_completed_R434_state_average_snapshot20260905T0740Z\qa\qa_ws3_manifest.csv
32784,new_batch_R256,Lenovo/ws3,Lenovo/ws3,pass,D:\OneDrive\文档\AutoDL\generated\dwso_300k_narma10_f7p3_completed_R434_state_average_snapshot20260905T0740Z\qa\qa_ws3_manifest.csv
32785,new_batch_R256,Lenovo/ws3,Lenovo/ws3,pass,D:\OneDrive\文档\AutoDL\generated\dwso_300k_narma10_f7p3_completed_R434_state_average_snapshot20260905T0740Z\qa\qa_ws3_manifest.csv
32786,new_batch_R256,Lenovo/ws3,Lenovo/ws3,pass,D:\OneDrive\文档\AutoDL\generated\dwso_300k_narma10_f7p3_completed_R434_state_average_snapshot20260905T0740Z\qa\qa_ws3_manifest.csv
32787,new_batch_R256,Lenovo/ws3,Lenovo/ws3,pass,D:\OneDrive\文档\AutoDL\generated\dwso_300k_narma10_f7p3_completed_R434_state_average_snapshot20260905T0740Z\qa\qa_ws3_manifest.csv
32788,new_batch_R256,Lenovo/ws3,Lenovo/ws3,pass,D:\OneDrive\文档\AutoDL\generated\dwso_300k_narma10_f7p3_batch256_final_QA_20260905T1426Z\qa_ws3_resume60\strict_qa_manifest.csv
32789,new_batch_R256,Lenovo/ws3,Lenovo/ws3,pass,D:\OneDrive\文档\AutoDL\generated\dwso_300k_narma10_f7p3_completed_R434_state_average_snapshot20260905T0740Z\qa\qa_ws3_manifest.csv
32790,new_batch_R256,Lenovo/ws3,Lenovo/ws3,pass,D:\OneDrive\文档\AutoDL\generated\dwso_300k_narma10_f7p3_completed_R434_state_average_snapshot20260905T0740Z\qa\qa_ws3_manifest.csv
32791,new_batch_R256,Lenovo/ws3,Lenovo/ws3,pass,D:\OneDrive\文档\AutoDL\generated\dwso_300k_narma10_f7p3_completed_R434_state_average_snapshot20260905T0740Z\qa\qa_ws3_manifest.csv
32792,new_batch_R256,Lenovo/ws3,Lenovo/ws3,pass,D:\OneDrive\文档\AutoDL\generated\dwso_300k_narma10_f7p3_completed_R434_state_average_snapshot20260905T0740Z\qa\qa_ws3_manifest.csv
32793,new_batch_R256,Lenovo/ws3,Lenovo/ws3,pass,D:\OneDrive\文档\AutoDL\generated\dwso_300k_narma10_f7p3_completed_R434_state_average_snapshot20260905T0740Z\qa\qa_ws3_manifest.csv
32794,new_batch_R256,Lenovo/ws3,Lenovo/ws3,pass,D:\OneDrive\文档\AutoDL\generated\dwso_300k_narma10_f7p3_batch256_final_QA_20260905T1426Z\qa_ws3_resume60\strict_qa_manifest.csv
32795,new_batch_R256,Lenovo/ws3,Lenovo/ws3,pass,D:\OneDrive\文档\AutoDL\generated\dwso_300k_narma10_f7p3_completed_R434_state_average_snapshot20260905T0740Z\qa\qa_ws3_manifest.csv
32796,new_batch_R256,Lenovo/ws3,Lenovo/ws3,pass,D:\OneDrive\文档\AutoDL\generated\dwso_300k_narma10_f7p3_completed_R434_state_average_snapshot20260905T0740Z\qa\qa_ws3_manifest.csv
32797,new_batch_R256,Lenovo/ws3,Lenovo/ws3,pass,D:\OneDrive\文档\AutoDL\generated\dwso_300k_narma10_f7p3_completed_R434_state_average_snapshot20260905T0740Z\qa\qa_ws3_manifest.csv
32798,new_batch_R256,Lenovo/ws3,Lenovo/ws3,pass,D:\OneDrive\文档\AutoDL\generated\dwso_300k_narma10_f7p3_batch256_final_QA_20260905T1426Z\qa_ws3_resume60\strict_qa_manifest.csv
32799,new_batch_R256,Lenovo/ws3,Lenovo/ws3,pass,D:\OneDrive\文档\AutoDL\generated\dwso_300k_narma10_f7p3_batch256_final_QA_20260905T1426Z\qa_ws3_resume60\strict_qa_manifest.csv
32800,new_batch_R256,Lenovo/ws3,Lenovo/ws3,pass,D:\OneDrive\文档\AutoDL\generated\dwso_300k_narma10_f7p3_completed_R434_state_average_snapshot20260905T0740Z\qa\qa_ws3_manifest.csv
32801,new_batch_R256,Lenovo/ws3,Lenovo/ws3,pass,D:\OneDrive\文档\AutoDL\generated\dwso_300k_narma10_f7p3_batch256_final_QA_20260905T1426Z\qa_ws3_resume60\strict_qa_manifest.csv
32802,new_batch_R256,Lenovo/ws3,Lenovo/ws3,pass,D:\OneDrive\文档\AutoDL\generated\dwso_300k_narma10_f7p3_completed_R434_state_average_snapshot20260905T0740Z\qa\qa_ws3_manifest.csv
32803,new_batch_R256,Lenovo/ws3,Lenovo/ws3,pass,D:\OneDrive\文档\AutoDL\generated\dwso_300k_narma10_f7p3_completed_R434_state_average_snapshot20260905T0740Z\qa\qa_ws3_manifest.csv
32804,new_batch_R256,Lenovo/ws3,Lenovo/ws3,pass,D:\OneDrive\文档\AutoDL\generated\dwso_300k_narma10_f7p3_completed_R434_state_average_snapshot20260905T0740Z\qa\qa_ws3_manifest.csv
32805,new_batch_R256,Lenovo/ws3,Lenovo/ws3,pass,D:\OneDrive\文档\AutoDL\generated\dwso_300k_narma10_f7p3_batch256_final_QA_20260905T1426Z\qa_ws3_resume60\strict_qa_manifest.csv
32806,new_batch_R256,Lenovo/ws3,Lenovo/ws3,pass,D:\OneDrive\文档\AutoDL\generated\dwso_300k_narma10_f7p3_batch256_final_QA_20260905T1426Z\qa_ws3_resume60\strict_qa_manifest.csv
32807,new_batch_R256,Lenovo/ws3,Lenovo/ws3,pass,D:\OneDrive\文档\AutoDL\generated\dwso_300k_narma10_f7p3_batch256_final_QA_20260905T1426Z\qa_ws3_resume60\strict_qa_manifest.csv
32808,new_batch_R256,Lenovo/ws3,Lenovo/ws3,pass,D:\OneDrive\文档\AutoDL\generated\dwso_300k_narma10_f7p3_batch256_final_QA_20260905T1426Z\qa_ws3_resume60\strict_qa_manifest.csv
32809,new_batch_R256,Lenovo/ws3,Lenovo/ws3,pass,D:\OneDrive\文档\AutoDL\generated\dwso_300k_narma10_f7p3_batch256_final_QA_20260905T1426Z\qa_ws3_resume60\strict_qa_manifest.csv
32810,new_batch_R256,Lenovo/ws3,Lenovo/ws3,pass,D:\OneDrive\文档\AutoDL\generated\dwso_300k_narma10_f7p3_batch256_final_QA_20260905T1426Z\qa_ws3_resume60\strict_qa_manifest.csv
32811,new_batch_R256,Lenovo/ws3,Lenovo/ws3,pass,D:\OneDrive\文档\AutoDL\generated\dwso_300k_narma10_f7p3_batch256_final_QA_20260905T1426Z\qa_ws3_resume60\strict_qa_manifest.csv
32812,new_batch_R256,Lenovo/ws3,Lenovo/ws3,pass,D:\OneDrive\文档\AutoDL\generated\dwso_300k_narma10_f7p3_batch256_final_QA_20260905T1426Z\qa_ws3_resume60\strict_qa_manifest.csv
32813,new_batch_R256,Lenovo/ws3,Lenovo/ws3,pass,D:\OneDrive\文档\AutoDL\generated\dwso_300k_narma10_f7p3_batch256_final_QA_20260905T1426Z\qa_ws3_resume60\strict_qa_manifest.csv
32814,new_batch_R256,Lenovo/ws3,Lenovo/ws3,pass,D:\OneDrive\文档\AutoDL\generated\dwso_300k_narma10_f7p3_batch256_final_QA_20260905T1426Z\qa_ws3_resume60\strict_qa_manifest.csv
32815,new_batch_R256,Lenovo/ws3,Lenovo/ws3,pass,D:\OneDrive\文档\AutoDL\generated\dwso_300k_narma10_f7p3_batch256_final_QA_20260905T1426Z\qa_ws3_resume60\strict_qa_manifest.csv
32816,new_batch_R256,Lenovo/ws3,Lenovo/ws3,pass,D:\OneDrive\文档\AutoDL\generated\dwso_300k_narma10_f7p3_batch256_final_QA_20260905T1426Z\qa_ws3_resume60\strict_qa_manifest.csv
32817,new_batch_R256,Lenovo/ws3,Lenovo/ws3,pass,D:\OneDrive\文档\AutoDL\generated\dwso_300k_narma10_f7p3_batch256_final_QA_20260905T1426Z\qa_ws3_resume60\strict_qa_manifest.csv
32818,new_batch_R256,Lenovo/ws3,Lenovo/ws3,pass,D:\OneDrive\文档\AutoDL\generated\dwso_300k_narma10_f7p3_batch256_final_QA_20260905T1426Z\qa_ws3_resume60\strict_qa_manifest.csv
32819,new_batch_R256,Lenovo/ws3,Lenovo/ws3,pass,D:\OneDrive\文档\AutoDL\generated\dwso_300k_narma10_f7p3_batch256_final_QA_20260905T1426Z\qa_ws3_resume60\strict_qa_manifest.csv
32820,new_batch_R256,Lenovo/ws3,Lenovo/ws3,pass,D:\OneDrive\文档\AutoDL\generated\dwso_300k_narma10_f7p3_batch256_final_QA_20260905T1426Z\qa_ws3_resume60\strict_qa_manifest.csv
32821,new_batch_R256,Lenovo/ws3,Lenovo/ws3,pass,D:\OneDrive\文档\AutoDL\generated\dwso_300k_narma10_f7p3_batch256_final_QA_20260905T1426Z\qa_ws3_resume60\strict_qa_manifest.csv
32822,new_batch_R256,Lenovo/ws3,Lenovo/ws3,pass,D:\OneDrive\文档\AutoDL\generated\dwso_300k_narma10_f7p3_batch256_final_QA_20260905T1426Z\qa_ws3_resume60\strict_qa_manifest.csv
32823,new_batch_R256,Lenovo/ws3,Lenovo/ws3,pass,D:\OneDrive\文档\AutoDL\generated\dwso_300k_narma10_f7p3_batch256_final_QA_20260905T1426Z\qa_ws3_resume60\strict_qa_manifest.csv
32824,new_batch_R256,Lenovo/ws3,Lenovo/ws3,pass,D:\OneDrive\文档\AutoDL\generated\dwso_300k_narma10_f7p3_batch256_final_QA_20260905T1426Z\qa_ws3_resume60\strict_qa_manifest.csv
32825,new_batch_R256,Lenovo/ws3,Lenovo/ws3,pass,D:\OneDrive\文档\AutoDL\generated\dwso_300k_narma10_f7p3_batch256_final_QA_20260905T1426Z\qa_ws3_resume60\strict_qa_manifest.csv
32826,new_batch_R256,Lenovo/ws3,Lenovo/ws3,pass,D:\OneDrive\文档\AutoDL\generated\dwso_300k_narma10_f7p3_batch256_final_QA_20260905T1426Z\qa_ws3_resume60\strict_qa_manifest.csv
32827,new_batch_R256,Lenovo/ws3,Lenovo/ws3,pass,D:\OneDrive\文档\AutoDL\generated\dwso_300k_narma10_f7p3_batch256_final_QA_20260905T1426Z\qa_ws3_resume60\strict_qa_manifest.csv
32828,new_batch_R256,Lenovo/ws3,Lenovo/ws3,pass,D:\OneDrive\文档\AutoDL\generated\dwso_300k_narma10_f7p3_batch256_final_QA_20260905T1426Z\qa_ws3_resume60\strict_qa_manifest.csv
32829,new_batch_R256,Lenovo/ws3,Lenovo/ws3,pass,D:\OneDrive\文档\AutoDL\generated\dwso_300k_narma10_f7p3_batch256_final_QA_20260905T1426Z\qa_ws3_resume60\strict_qa_manifest.csv
32830,new_batch_R256,Lenovo/ws3,Lenovo/ws3,pass,D:\OneDrive\文档\AutoDL\generated\dwso_300k_narma10_f7p3_batch256_final_QA_20260905T1426Z\qa_ws3_resume60\strict_qa_manifest.csv
32831,new_batch_R256,Lenovo/ws3,Lenovo/ws3,pass,D:\OneDrive\文档\AutoDL\generated\dwso_300k_narma10_f7p3_batch256_final_QA_20260905T1426Z\qa_ws3_resume60\strict_qa_manifest.csv
32832,new_batch_R256,Lenovo/ws3,Lenovo/ws3,pass,D:\OneDrive\文档\AutoDL\generated\dwso_300k_narma10_f7p3_batch256_final_QA_20260905T1426Z\qa_ws3_resume60\strict_qa_manifest.csv
32833,new_batch_R256,Lenovo/ws3,Lenovo/ws3,pass,D:\OneDrive\文档\AutoDL\generated\dwso_300k_narma10_f7p3_batch256_final_QA_20260905T1426Z\qa_ws3_resume60\strict_qa_manifest.csv
32834,new_batch_R256,Lenovo/ws3,Lenovo/ws3,pass,D:\OneDrive\文档\AutoDL\generated\dwso_300k_narma10_f7p3_batch256_final_QA_20260905T1426Z\qa_ws3_resume60\strict_qa_manifest.csv
32835,new_batch_R256,Lenovo/ws3,Lenovo/ws3,pass,D:\OneDrive\文档\AutoDL\generated\dwso_300k_narma10_f7p3_batch256_final_QA_20260905T1426Z\qa_ws3_resume60\strict_qa_manifest.csv
32836,new_batch_R256,Lenovo/ws3,Lenovo/ws3,pass,D:\OneDrive\文档\AutoDL\generated\dwso_300k_narma10_f7p3_batch256_final_QA_20260905T1426Z\qa_ws3_resume60\strict_qa_manifest.csv
32837,new_batch_R256,Lenovo/ws3,Lenovo/ws3,pass,D:\OneDrive\文档\AutoDL\generated\dwso_300k_narma10_f7p3_batch256_final_QA_20260905T1426Z\qa_ws3_resume60\strict_qa_manifest.csv
32838,new_batch_R256,Lenovo/ws3,Lenovo/ws3,pass,D:\OneDrive\文档\AutoDL\generated\dwso_300k_narma10_f7p3_batch256_final_QA_20260905T1426Z\qa_ws3_resume60\strict_qa_manifest.csv
32839,new_batch_R256,Lenovo/ws3,Lenovo/ws3,pass,D:\OneDrive\文档\AutoDL\generated\dwso_300k_narma10_f7p3_batch256_final_QA_20260905T1426Z\qa_ws3_resume60\strict_qa_manifest.csv
32840,new_batch_R256,Lenovo/ws3,Lenovo/ws3,pass,D:\OneDrive\文档\AutoDL\generated\dwso_300k_narma10_f7p3_batch256_final_QA_20260905T1426Z\qa_ws3_resume60\strict_qa_manifest.csv
32841,new_batch_R256,Lenovo/ws3,Lenovo/ws3,pass,D:\OneDrive\文档\AutoDL\generated\dwso_300k_narma10_f7p3_batch256_final_QA_20260905T1426Z\qa_ws3_resume60\strict_qa_manifest.csv
32842,new_batch_R256,Lenovo/ws3,Lenovo/ws3,pass,D:\OneDrive\文档\AutoDL\generated\dwso_300k_narma10_f7p3_batch256_final_QA_20260905T1426Z\qa_ws3_resume60\strict_qa_manifest.csv
32843,new_batch_R256,Lenovo/ws3,Lenovo/ws3,pass,D:\OneDrive\文档\AutoDL\generated\dwso_300k_narma10_f7p3_batch256_final_QA_20260905T1426Z\qa_ws3_resume60\strict_qa_manifest.csv
32844,new_batch_R256,Lenovo/ws3,Lenovo/ws3,pass,D:\OneDrive\文档\AutoDL\generated\dwso_300k_narma10_f7p3_batch256_final_QA_20260905T1426Z\qa_ws3_resume60\strict_qa_manifest.csv
32845,new_batch_R256,Lenovo/ws3,Lenovo/ws3,pass,D:\OneDrive\文档\AutoDL\generated\dwso_300k_narma10_f7p3_batch256_final_QA_20260905T1426Z\qa_ws3_resume60\strict_qa_manifest.csv
32846,new_batch_R256,Lenovo/ws3,Lenovo/ws3,pass,D:\OneDrive\文档\AutoDL\generated\dwso_300k_narma10_f7p3_batch256_final_QA_20260905T1426Z\qa_ws3_resume60\strict_qa_manifest.csv
32847,new_batch_R256,Lenovo/ws3,Lenovo/ws3,pass,D:\OneDrive\文档\AutoDL\generated\dwso_300k_narma10_f7p3_batch256_final_QA_20260905T1426Z\qa_ws3_resume60\strict_qa_manifest.csv
32848,new_batch_R256,Lenovo/ws3,Lenovo/ws3,pass,D:\OneDrive\文档\AutoDL\generated\dwso_300k_narma10_f7p3_batch256_final_QA_20260905T1426Z\qa_ws3_resume60\strict_qa_manifest.csv
32849,new_batch_R256,Lenovo/ws3,Lenovo/ws3,pass,D:\OneDrive\文档\AutoDL\generated\dwso_300k_narma10_f7p3_batch256_final_QA_20260905T1426Z\qa_ws3_resume60\strict_qa_manifest.csv
32850,new_batch_R256,Lenovo/ws3,Lenovo/ws3,pass,D:\OneDrive\文档\AutoDL\generated\dwso_300k_narma10_f7p3_batch256_final_QA_20260905T1426Z\qa_ws3_resume60\strict_qa_manifest.csv
32851,new_batch_R256,Lenovo/ws3,Lenovo/ws3,pass,D:\OneDrive\文档\AutoDL\generated\dwso_300k_narma10_f7p3_batch256_final_QA_20260905T1426Z\qa_ws3_resume60\strict_qa_manifest.csv
32852,new_batch_R256,Lenovo/ws3,Lenovo/ws3,pass,D:\OneDrive\文档\AutoDL\generated\dwso_300k_narma10_f7p3_batch256_final_QA_20260905T1426Z\qa_ws3_resume60\strict_qa_manifest.csv
32853,new_batch_R256,Lenovo/ws3,Lenovo/ws3,pass,D:\OneDrive\文档\AutoDL\generated\dwso_300k_narma10_f7p3_batch256_final_QA_20260905T1426Z\qa_ws3_resume60\strict_qa_manifest.csv
32854,new_batch_R256,Lenovo/ws3,Lenovo/ws3,pass,D:\OneDrive\文档\AutoDL\generated\dwso_300k_narma10_f7p3_batch256_final_QA_20260905T1426Z\qa_ws3_resume60\strict_qa_manifest.csv
32855,new_batch_R256,Lenovo/ws3,Lenovo/ws3,pass,D:\OneDrive\文档\AutoDL\generated\dwso_300k_narma10_f7p3_batch256_final_QA_20260905T1426Z\qa_ws3_resume60\strict_qa_manifest.csv
32856,new_batch_R256,Lenovo/ws3,Lenovo/ws3,pass,D:\OneDrive\文档\AutoDL\generated\dwso_300k_narma10_f7p3_batch256_final_QA_20260905T1426Z\qa_ws3_resume60\strict_qa_manifest.csv
